
/home/roman/.cache/arduino/sketches/C43A3681BCAEB52B7B790973250277AE/thundermill_fast_output_prototype_02.ino.elf:     file format elf32-avr


Disassembly of section .text:

00000000 <__vectors>:
__vectors():
       0:	0c 94 7c 00 	jmp	0xf8	; 0xf8 <__ctors_end>
       4:	0c 94 a6 00 	jmp	0x14c	; 0x14c <__bad_interrupt>
       8:	0c 94 a6 00 	jmp	0x14c	; 0x14c <__bad_interrupt>
       c:	0c 94 a6 00 	jmp	0x14c	; 0x14c <__bad_interrupt>
      10:	0c 94 a6 00 	jmp	0x14c	; 0x14c <__bad_interrupt>
      14:	0c 94 a6 00 	jmp	0x14c	; 0x14c <__bad_interrupt>
      18:	0c 94 a6 00 	jmp	0x14c	; 0x14c <__bad_interrupt>
      1c:	0c 94 a6 00 	jmp	0x14c	; 0x14c <__bad_interrupt>
      20:	0c 94 a6 00 	jmp	0x14c	; 0x14c <__bad_interrupt>
      24:	0c 94 a6 00 	jmp	0x14c	; 0x14c <__bad_interrupt>
      28:	0c 94 a6 00 	jmp	0x14c	; 0x14c <__bad_interrupt>
      2c:	0c 94 a6 00 	jmp	0x14c	; 0x14c <__bad_interrupt>
      30:	0c 94 a6 00 	jmp	0x14c	; 0x14c <__bad_interrupt>
      34:	0c 94 a6 00 	jmp	0x14c	; 0x14c <__bad_interrupt>
      38:	0c 94 a6 00 	jmp	0x14c	; 0x14c <__bad_interrupt>
      3c:	0c 94 a6 00 	jmp	0x14c	; 0x14c <__bad_interrupt>
      40:	0c 94 a6 00 	jmp	0x14c	; 0x14c <__bad_interrupt>
      44:	0c 94 a6 00 	jmp	0x14c	; 0x14c <__bad_interrupt>
      48:	0c 94 17 05 	jmp	0xa2e	; 0xa2e <__vector_18>
      4c:	0c 94 a6 00 	jmp	0x14c	; 0x14c <__bad_interrupt>
      50:	0c 94 8b 05 	jmp	0xb16	; 0xb16 <__vector_20>
      54:	0c 94 61 05 	jmp	0xac2	; 0xac2 <__vector_21>
      58:	0c 94 a6 00 	jmp	0x14c	; 0x14c <__bad_interrupt>
      5c:	0c 94 a6 00 	jmp	0x14c	; 0x14c <__bad_interrupt>
      60:	0c 94 a6 00 	jmp	0x14c	; 0x14c <__bad_interrupt>
      64:	0c 94 a6 00 	jmp	0x14c	; 0x14c <__bad_interrupt>
      68:	0c 94 c1 05 	jmp	0xb82	; 0xb82 <__vector_26>
      6c:	0c 94 a6 00 	jmp	0x14c	; 0x14c <__bad_interrupt>
      70:	0c 94 a6 00 	jmp	0x14c	; 0x14c <__bad_interrupt>
      74:	0c 94 a6 00 	jmp	0x14c	; 0x14c <__bad_interrupt>
      78:	0c 94 a6 00 	jmp	0x14c	; 0x14c <__bad_interrupt>
      7c:	0c 94 a6 00 	jmp	0x14c	; 0x14c <__bad_interrupt>
      80:	0c 94 a6 00 	jmp	0x14c	; 0x14c <__bad_interrupt>
      84:	0c 94 a6 00 	jmp	0x14c	; 0x14c <__bad_interrupt>
      88:	0c 94 a6 00 	jmp	0x14c	; 0x14c <__bad_interrupt>

0000008c <__trampolines_end>:
__trampolines_start():
      8c:	00 00       	nop
      8e:	22 00       	.word	0x0022	; ????
      90:	25 00       	.word	0x0025	; ????
      92:	28 00       	.word	0x0028	; ????
      94:	2b 00       	.word	0x002b	; ????

00000096 <digital_pin_to_port_PGM>:
      96:	02 02 02 02 02 02 02 02 04 04 04 04 04 04 04 04     ................
      a6:	03 03 03 03 03 03 03 03 01 01 01 01 01 01 01 01     ................

000000b6 <digital_pin_to_bit_mask_PGM>:
      b6:	01 02 04 08 10 20 40 80 01 02 04 08 10 20 40 80     ..... @...... @.
      c6:	01 02 04 08 10 20 40 80 01 02 04 08 10 20 40 80     ..... @...... @.

000000d6 <digital_pin_to_timer_PGM>:
      d6:	00 00 00 02 03 00 0a 0b 00 00 00 00 05 04 09 08     ................
	...

000000f6 <__ctors_start>:
__ctors_start():
      f6:	f1 06       	cpc	r15, r17

000000f8 <__ctors_end>:
__dtors_end():
      f8:	11 24       	eor	r1, r1
      fa:	1f be       	out	0x3f, r1	; 63
      fc:	cf ef       	ldi	r28, 0xFF	; 255
      fe:	d0 e4       	ldi	r29, 0x40	; 64
     100:	de bf       	out	0x3e, r29	; 62
     102:	cd bf       	out	0x3d, r28	; 61

00000104 <__do_copy_data>:
__do_copy_data():
/home/jenkins/workspace/avr-gcc-staging/label/debian7-x86_64/gcc-build/avr/avr51/libgcc/../../../../gcc/libgcc/config/avr/lib1funcs.S:2373
     104:	14 e0       	ldi	r17, 0x04	; 4
/home/jenkins/workspace/avr-gcc-staging/label/debian7-x86_64/gcc-build/avr/avr51/libgcc/../../../../gcc/libgcc/config/avr/lib1funcs.S:2374
     106:	a0 e0       	ldi	r26, 0x00	; 0
/home/jenkins/workspace/avr-gcc-staging/label/debian7-x86_64/gcc-build/avr/avr51/libgcc/../../../../gcc/libgcc/config/avr/lib1funcs.S:2375
     108:	b1 e0       	ldi	r27, 0x01	; 1
/home/jenkins/workspace/avr-gcc-staging/label/debian7-x86_64/gcc-build/avr/avr51/libgcc/../../../../gcc/libgcc/config/avr/lib1funcs.S:2376
     10a:	e4 ea       	ldi	r30, 0xA4	; 164
/home/jenkins/workspace/avr-gcc-staging/label/debian7-x86_64/gcc-build/avr/avr51/libgcc/../../../../gcc/libgcc/config/avr/lib1funcs.S:2377
     10c:	f5 e1       	ldi	r31, 0x15	; 21
/home/jenkins/workspace/avr-gcc-staging/label/debian7-x86_64/gcc-build/avr/avr51/libgcc/../../../../gcc/libgcc/config/avr/lib1funcs.S:2378
     10e:	00 e0       	ldi	r16, 0x00	; 0
/home/jenkins/workspace/avr-gcc-staging/label/debian7-x86_64/gcc-build/avr/avr51/libgcc/../../../../gcc/libgcc/config/avr/lib1funcs.S:2379
     110:	0b bf       	out	0x3b, r16	; 59
/home/jenkins/workspace/avr-gcc-staging/label/debian7-x86_64/gcc-build/avr/avr51/libgcc/../../../../gcc/libgcc/config/avr/lib1funcs.S:2380
     112:	02 c0       	rjmp	.+4      	; 0x118 <__do_copy_data+0x14>
/home/jenkins/workspace/avr-gcc-staging/label/debian7-x86_64/gcc-build/avr/avr51/libgcc/../../../../gcc/libgcc/config/avr/lib1funcs.S:2382
     114:	07 90       	elpm	r0, Z+
/home/jenkins/workspace/avr-gcc-staging/label/debian7-x86_64/gcc-build/avr/avr51/libgcc/../../../../gcc/libgcc/config/avr/lib1funcs.S:2383
     116:	0d 92       	st	X+, r0
/home/jenkins/workspace/avr-gcc-staging/label/debian7-x86_64/gcc-build/avr/avr51/libgcc/../../../../gcc/libgcc/config/avr/lib1funcs.S:2385
     118:	a8 30       	cpi	r26, 0x08	; 8
/home/jenkins/workspace/avr-gcc-staging/label/debian7-x86_64/gcc-build/avr/avr51/libgcc/../../../../gcc/libgcc/config/avr/lib1funcs.S:2386
     11a:	b1 07       	cpc	r27, r17
/home/jenkins/workspace/avr-gcc-staging/label/debian7-x86_64/gcc-build/avr/avr51/libgcc/../../../../gcc/libgcc/config/avr/lib1funcs.S:2387
     11c:	d9 f7       	brne	.-10     	; 0x114 <__do_copy_data+0x10>

0000011e <__do_clear_bss>:
__do_clear_bss():
/home/jenkins/workspace/avr-gcc-staging/label/debian7-x86_64/gcc-build/avr/avr51/libgcc/../../../../gcc/libgcc/config/avr/lib1funcs.S:2441
     11e:	25 e0       	ldi	r18, 0x05	; 5
/home/jenkins/workspace/avr-gcc-staging/label/debian7-x86_64/gcc-build/avr/avr51/libgcc/../../../../gcc/libgcc/config/avr/lib1funcs.S:2442
     120:	a8 e0       	ldi	r26, 0x08	; 8
/home/jenkins/workspace/avr-gcc-staging/label/debian7-x86_64/gcc-build/avr/avr51/libgcc/../../../../gcc/libgcc/config/avr/lib1funcs.S:2443
     122:	b4 e0       	ldi	r27, 0x04	; 4
/home/jenkins/workspace/avr-gcc-staging/label/debian7-x86_64/gcc-build/avr/avr51/libgcc/../../../../gcc/libgcc/config/avr/lib1funcs.S:2444
     124:	01 c0       	rjmp	.+2      	; 0x128 <.do_clear_bss_start>

00000126 <.do_clear_bss_loop>:
/home/jenkins/workspace/avr-gcc-staging/label/debian7-x86_64/gcc-build/avr/avr51/libgcc/../../../../gcc/libgcc/config/avr/lib1funcs.S:2446
     126:	1d 92       	st	X+, r1

00000128 <.do_clear_bss_start>:
/home/jenkins/workspace/avr-gcc-staging/label/debian7-x86_64/gcc-build/avr/avr51/libgcc/../../../../gcc/libgcc/config/avr/lib1funcs.S:2448
     128:	a6 35       	cpi	r26, 0x56	; 86
/home/jenkins/workspace/avr-gcc-staging/label/debian7-x86_64/gcc-build/avr/avr51/libgcc/../../../../gcc/libgcc/config/avr/lib1funcs.S:2449
     12a:	b2 07       	cpc	r27, r18
/home/jenkins/workspace/avr-gcc-staging/label/debian7-x86_64/gcc-build/avr/avr51/libgcc/../../../../gcc/libgcc/config/avr/lib1funcs.S:2450
     12c:	e1 f7       	brne	.-8      	; 0x126 <.do_clear_bss_loop>

0000012e <__do_global_ctors>:
__do_global_ctors():
/home/jenkins/workspace/avr-gcc-staging/label/debian7-x86_64/gcc-build/avr/avr51/libgcc/../../../../gcc/libgcc/config/avr/lib1funcs.S:2466
     12e:	10 e0       	ldi	r17, 0x00	; 0
/home/jenkins/workspace/avr-gcc-staging/label/debian7-x86_64/gcc-build/avr/avr51/libgcc/../../../../gcc/libgcc/config/avr/lib1funcs.S:2467
     130:	cc e7       	ldi	r28, 0x7C	; 124
/home/jenkins/workspace/avr-gcc-staging/label/debian7-x86_64/gcc-build/avr/avr51/libgcc/../../../../gcc/libgcc/config/avr/lib1funcs.S:2468
     132:	d0 e0       	ldi	r29, 0x00	; 0
/home/jenkins/workspace/avr-gcc-staging/label/debian7-x86_64/gcc-build/avr/avr51/libgcc/../../../../gcc/libgcc/config/avr/lib1funcs.S:2472
     134:	04 c0       	rjmp	.+8      	; 0x13e <__do_global_ctors+0x10>
/home/jenkins/workspace/avr-gcc-staging/label/debian7-x86_64/gcc-build/avr/avr51/libgcc/../../../../gcc/libgcc/config/avr/lib1funcs.S:2474
     136:	21 97       	sbiw	r28, 0x01	; 1
/home/jenkins/workspace/avr-gcc-staging/label/debian7-x86_64/gcc-build/avr/avr51/libgcc/../../../../gcc/libgcc/config/avr/lib1funcs.S:2480
     138:	fe 01       	movw	r30, r28
/home/jenkins/workspace/avr-gcc-staging/label/debian7-x86_64/gcc-build/avr/avr51/libgcc/../../../../gcc/libgcc/config/avr/lib1funcs.S:2481
     13a:	0e 94 c7 0a 	call	0x158e	; 0x158e <__tablejump2__>
/home/jenkins/workspace/avr-gcc-staging/label/debian7-x86_64/gcc-build/avr/avr51/libgcc/../../../../gcc/libgcc/config/avr/lib1funcs.S:2483
     13e:	cb 37       	cpi	r28, 0x7B	; 123
/home/jenkins/workspace/avr-gcc-staging/label/debian7-x86_64/gcc-build/avr/avr51/libgcc/../../../../gcc/libgcc/config/avr/lib1funcs.S:2484
     140:	d1 07       	cpc	r29, r17
/home/jenkins/workspace/avr-gcc-staging/label/debian7-x86_64/gcc-build/avr/avr51/libgcc/../../../../gcc/libgcc/config/avr/lib1funcs.S:2489
     142:	c9 f7       	brne	.-14     	; 0x136 <__do_global_ctors+0x8>
     144:	0e 94 2a 07 	call	0xe54	; 0xe54 <main>
     148:	0c 94 d0 0a 	jmp	0x15a0	; 0x15a0 <_exit>

0000014c <__bad_interrupt>:
__vector_22():
     14c:	0c 94 00 00 	jmp	0	; 0x0 <__vectors>

00000150 <digitalWrite.constprop.29>:
digitalWrite.constprop.29():
/home/roman/.arduino15/packages/MightyCore/hardware/avr/3.0.1/cores/MCUdude_corefiles/wiring_digital.c:189
  }
}

void digitalWrite(uint8_t pin, uint8_t val)
{
  uint8_t timer = digitalPinToTimer(pin);
     150:	90 e0       	ldi	r25, 0x00	; 0
     152:	fc 01       	movw	r30, r24
     154:	ea 52       	subi	r30, 0x2A	; 42
     156:	ff 4f       	sbci	r31, 0xFF	; 255
     158:	24 91       	lpm	r18, Z
/home/roman/.arduino15/packages/MightyCore/hardware/avr/3.0.1/cores/MCUdude_corefiles/wiring_digital.c:190
  uint8_t bit = digitalPinToBitMask(pin);
     15a:	fc 01       	movw	r30, r24
     15c:	ea 54       	subi	r30, 0x4A	; 74
     15e:	ff 4f       	sbci	r31, 0xFF	; 255
     160:	34 91       	lpm	r19, Z
/home/roman/.arduino15/packages/MightyCore/hardware/avr/3.0.1/cores/MCUdude_corefiles/wiring_digital.c:191
  uint8_t port = digitalPinToPort(pin);
     162:	8a 56       	subi	r24, 0x6A	; 106
     164:	9f 4f       	sbci	r25, 0xFF	; 255
     166:	fc 01       	movw	r30, r24
     168:	84 91       	lpm	r24, Z
/home/roman/.arduino15/packages/MightyCore/hardware/avr/3.0.1/cores/MCUdude_corefiles/wiring_digital.c:194
  volatile uint8_t *out;

  if (port == NOT_A_PIN) return;
     16a:	88 23       	and	r24, r24
     16c:	41 f1       	breq	.+80     	; 0x1be <digitalWrite.constprop.29+0x6e>
/home/roman/.arduino15/packages/MightyCore/hardware/avr/3.0.1/cores/MCUdude_corefiles/wiring_digital.c:198

  // If the pin that support PWM output, we need to turn it off
  // before doing a digital write.
  if (timer != NOT_ON_TIMER) turnOffPWM(timer);
     16e:	22 23       	and	r18, r18
     170:	c1 f0       	breq	.+48     	; 0x1a2 <digitalWrite.constprop.29+0x52>
turnOffPWM():
/home/roman/.arduino15/packages/MightyCore/hardware/avr/3.0.1/cores/MCUdude_corefiles/wiring_digital.c:77
//
//static inline void turnOffPWM(uint8_t timer) __attribute__ ((always_inline));
//static inline void turnOffPWM(uint8_t timer)
static void turnOffPWM(uint8_t timer)
{
  switch (timer)
     172:	22 50       	subi	r18, 0x02	; 2
     174:	2a 30       	cpi	r18, 0x0A	; 10
     176:	a8 f4       	brcc	.+42     	; 0x1a2 <digitalWrite.constprop.29+0x52>
     178:	e2 2f       	mov	r30, r18
     17a:	f0 e0       	ldi	r31, 0x00	; 0
     17c:	ee 53       	subi	r30, 0x3E	; 62
     17e:	ff 4f       	sbci	r31, 0xFF	; 255
     180:	0c 94 c7 0a 	jmp	0x158e	; 0x158e <__tablejump2__>
     184:	f8 00       	.word	0x00f8	; ????
     186:	fc 00       	.word	0x00fc	; ????
     188:	cc 00       	.word	0x00cc	; ????
     18a:	e0 00       	.word	0x00e0	; ????
     18c:	d1 00       	.word	0x00d1	; ????
     18e:	d1 00       	.word	0x00d1	; ????
     190:	e4 00       	.word	0x00e4	; ????
     192:	ea 00       	.word	0x00ea	; ????
     194:	ee 00       	.word	0x00ee	; ????
     196:	f4 00       	.word	0x00f4	; ????
/home/roman/.arduino15/packages/MightyCore/hardware/avr/3.0.1/cores/MCUdude_corefiles/wiring_digital.c:82
  {
    // Timer1
    #if defined(TCCR1A) && defined(COM1A1)
      case TIMER1A:
        TCCR1A &= ~_BV(COM1A1);
     198:	90 91 80 00 	lds	r25, 0x0080	; 0x800080 <__TEXT_REGION_LENGTH__+0x7e0080>
     19c:	9f 77       	andi	r25, 0x7F	; 127
/home/roman/.arduino15/packages/MightyCore/hardware/avr/3.0.1/cores/MCUdude_corefiles/wiring_digital.c:87
        break;
    #endif
    #if defined(TCCR1A) && defined(COM1B1)
      case TIMER1B:
        TCCR1A &= ~_BV(COM1B1);
     19e:	90 93 80 00 	sts	0x0080, r25	; 0x800080 <__TEXT_REGION_LENGTH__+0x7e0080>
digitalWrite.constprop.29():
/home/roman/.arduino15/packages/MightyCore/hardware/avr/3.0.1/cores/MCUdude_corefiles/wiring_digital.c:200

  // If the pin that support PWM output, we need to turn it off
  // before doing a digital write.
  if (timer != NOT_ON_TIMER) turnOffPWM(timer);

  out = portOutputRegister(port);
     1a2:	e8 2f       	mov	r30, r24
     1a4:	f0 e0       	ldi	r31, 0x00	; 0
     1a6:	ee 0f       	add	r30, r30
     1a8:	ff 1f       	adc	r31, r31
     1aa:	e4 57       	subi	r30, 0x74	; 116
     1ac:	ff 4f       	sbci	r31, 0xFF	; 255
     1ae:	a5 91       	lpm	r26, Z+
     1b0:	b4 91       	lpm	r27, Z
/home/roman/.arduino15/packages/MightyCore/hardware/avr/3.0.1/cores/MCUdude_corefiles/wiring_digital.c:202

  uint8_t oldSREG = SREG;
     1b2:	8f b7       	in	r24, 0x3f	; 63
/home/roman/.arduino15/packages/MightyCore/hardware/avr/3.0.1/cores/MCUdude_corefiles/wiring_digital.c:203
  cli();
     1b4:	f8 94       	cli
/home/roman/.arduino15/packages/MightyCore/hardware/avr/3.0.1/cores/MCUdude_corefiles/wiring_digital.c:208

  if (val == LOW) {
    *out &= ~bit;
  } else {
    *out |= bit;
     1b6:	ec 91       	ld	r30, X
     1b8:	3e 2b       	or	r19, r30
     1ba:	3c 93       	st	X, r19
/home/roman/.arduino15/packages/MightyCore/hardware/avr/3.0.1/cores/MCUdude_corefiles/wiring_digital.c:211
  }

  SREG = oldSREG;
     1bc:	8f bf       	out	0x3f, r24	; 63
/home/roman/.arduino15/packages/MightyCore/hardware/avr/3.0.1/cores/MCUdude_corefiles/wiring_digital.c:212
}
     1be:	08 95       	ret
turnOffPWM():
/home/roman/.arduino15/packages/MightyCore/hardware/avr/3.0.1/cores/MCUdude_corefiles/wiring_digital.c:87
        TCCR1A &= ~_BV(COM1A1);
        break;
    #endif
    #if defined(TCCR1A) && defined(COM1B1)
      case TIMER1B:
        TCCR1A &= ~_BV(COM1B1);
     1c0:	90 91 80 00 	lds	r25, 0x0080	; 0x800080 <__TEXT_REGION_LENGTH__+0x7e0080>
     1c4:	9f 7d       	andi	r25, 0xDF	; 223
     1c6:	eb cf       	rjmp	.-42     	; 0x19e <digitalWrite.constprop.29+0x4e>
/home/roman/.arduino15/packages/MightyCore/hardware/avr/3.0.1/cores/MCUdude_corefiles/wiring_digital.c:104
        TCCR2 &= ~_BV(COM21);
        break;
    #endif
    #if defined(TCCR2A) && defined(COM2A1)
      case TIMER2A:
        TCCR2A &= ~_BV(COM2A1);
     1c8:	90 91 b0 00 	lds	r25, 0x00B0	; 0x8000b0 <__TEXT_REGION_LENGTH__+0x7e00b0>
     1cc:	9f 77       	andi	r25, 0x7F	; 127
/home/roman/.arduino15/packages/MightyCore/hardware/avr/3.0.1/cores/MCUdude_corefiles/wiring_digital.c:109
        break;
    #endif
    #if defined(TCCR2A) && defined(COM2B1)
      case TIMER2B:
        TCCR2A &= ~_BV(COM2B1);
     1ce:	90 93 b0 00 	sts	0x00B0, r25	; 0x8000b0 <__TEXT_REGION_LENGTH__+0x7e00b0>
     1d2:	e7 cf       	rjmp	.-50     	; 0x1a2 <digitalWrite.constprop.29+0x52>
     1d4:	90 91 b0 00 	lds	r25, 0x00B0	; 0x8000b0 <__TEXT_REGION_LENGTH__+0x7e00b0>
     1d8:	9f 7d       	andi	r25, 0xDF	; 223
     1da:	f9 cf       	rjmp	.-14     	; 0x1ce <digitalWrite.constprop.29+0x7e>
/home/roman/.arduino15/packages/MightyCore/hardware/avr/3.0.1/cores/MCUdude_corefiles/wiring_digital.c:116
    #endif

    // Timer3
    #if defined(TCCR3A) && defined(COM3A1)
      case TIMER3A:
        TCCR3A &= ~_BV(COM3A1);
     1dc:	90 91 90 00 	lds	r25, 0x0090	; 0x800090 <__TEXT_REGION_LENGTH__+0x7e0090>
     1e0:	9f 77       	andi	r25, 0x7F	; 127
/home/roman/.arduino15/packages/MightyCore/hardware/avr/3.0.1/cores/MCUdude_corefiles/wiring_digital.c:121
        break;
    #endif
    #if defined(TCCR3A) && defined(COM3B1)
      case TIMER3B:
        TCCR3A &= ~_BV(COM3B1);
     1e2:	90 93 90 00 	sts	0x0090, r25	; 0x800090 <__TEXT_REGION_LENGTH__+0x7e0090>
     1e6:	dd cf       	rjmp	.-70     	; 0x1a2 <digitalWrite.constprop.29+0x52>
     1e8:	90 91 90 00 	lds	r25, 0x0090	; 0x800090 <__TEXT_REGION_LENGTH__+0x7e0090>
     1ec:	9f 7d       	andi	r25, 0xDF	; 223
     1ee:	f9 cf       	rjmp	.-14     	; 0x1e2 <digitalWrite.constprop.29+0x92>
/home/roman/.arduino15/packages/MightyCore/hardware/avr/3.0.1/cores/MCUdude_corefiles/wiring_digital.c:176
        TCCR0 &= ~_BV(COM01);
        break;
    #endif
    #if defined(TCCR0A) && defined(COM0A1)
      case TIMER0A:
        TCCR0A &= ~_BV(COM0A1);
     1f0:	94 b5       	in	r25, 0x24	; 36
     1f2:	9f 77       	andi	r25, 0x7F	; 127
/home/roman/.arduino15/packages/MightyCore/hardware/avr/3.0.1/cores/MCUdude_corefiles/wiring_digital.c:181
        break;
    #endif
    #if defined(TCCR0A) && defined(COM0B1)
      case TIMER0B:
        TCCR0A &= ~_BV(COM0B1);
     1f4:	94 bd       	out	0x24, r25	; 36
     1f6:	d5 cf       	rjmp	.-86     	; 0x1a2 <digitalWrite.constprop.29+0x52>
     1f8:	94 b5       	in	r25, 0x24	; 36
     1fa:	9f 7d       	andi	r25, 0xDF	; 223
     1fc:	fb cf       	rjmp	.-10     	; 0x1f4 <digitalWrite.constprop.29+0xa4>

000001fe <micros>:
micros():
/home/roman/.arduino15/packages/MightyCore/hardware/avr/3.0.1/cores/MCUdude_corefiles/wiring.c:237
  unsigned char f; // temporary storage for millis fraction counter
  unsigned char q = 0; // record whether an overflow is flagged
#endif
  // t will be the number where the timer0 counter stopped
  uint8_t t;
  uint8_t oldSREG = SREG;
     1fe:	3f b7       	in	r19, 0x3f	; 63
/home/roman/.arduino15/packages/MightyCore/hardware/avr/3.0.1/cores/MCUdude_corefiles/wiring.c:240

  // Stop all interrupts
  cli();
     200:	f8 94       	cli
/home/roman/.arduino15/packages/MightyCore/hardware/avr/3.0.1/cores/MCUdude_corefiles/wiring.c:247
#ifdef CORRECT_EXACT_MICROS
  // combine exact millisec and 8usec counters
  m = timer0_millis;
  f = timer0_fract;
#else
  m = timer0_overflow_count;
     202:	80 91 a9 04 	lds	r24, 0x04A9	; 0x8004a9 <timer0_overflow_count>
     206:	90 91 aa 04 	lds	r25, 0x04AA	; 0x8004aa <timer0_overflow_count+0x1>
     20a:	a0 91 ab 04 	lds	r26, 0x04AB	; 0x8004ab <timer0_overflow_count+0x2>
     20e:	b0 91 ac 04 	lds	r27, 0x04AC	; 0x8004ac <timer0_overflow_count+0x3>
/home/roman/.arduino15/packages/MightyCore/hardware/avr/3.0.1/cores/MCUdude_corefiles/wiring.c:252
#endif

  // TCNT0 : The Timer Counter Register
#if defined(TCNT0)
  t = TCNT0;
     212:	26 b5       	in	r18, 0x26	; 38
/home/roman/.arduino15/packages/MightyCore/hardware/avr/3.0.1/cores/MCUdude_corefiles/wiring.c:261
  #error TIMER 0 not defined
#endif

  // Timer0 Interrupt Flag Register
#ifdef TIFR0
  if ((TIFR0 & _BV(TOV0)) && (t < 255))
     214:	a8 9b       	sbis	0x15, 0	; 21
     216:	05 c0       	rjmp	.+10     	; 0x222 <micros+0x24>
     218:	2f 3f       	cpi	r18, 0xFF	; 255
     21a:	19 f0       	breq	.+6      	; 0x222 <micros+0x24>
/home/roman/.arduino15/packages/MightyCore/hardware/avr/3.0.1/cores/MCUdude_corefiles/wiring.c:263
#ifndef CORRECT_EXACT_MICROS
    m++;
     21c:	01 96       	adiw	r24, 0x01	; 1
     21e:	a1 1d       	adc	r26, r1
     220:	b1 1d       	adc	r27, r1
/home/roman/.arduino15/packages/MightyCore/hardware/avr/3.0.1/cores/MCUdude_corefiles/wiring.c:276
#else
    q = 1;
#endif
#endif
  // Restore SREG
  SREG = oldSREG;
     222:	3f bf       	out	0x3f, r19	; 63
/home/roman/.arduino15/packages/MightyCore/hardware/avr/3.0.1/cores/MCUdude_corefiles/wiring.c:292
      ((t * MICROSECONDS_PER_TIMER0_OVERFLOW) >> 8);
  return q ? m + MICROSECONDS_PER_TIMER0_OVERFLOW : m;
#elif 1
  /* All power-of-two Megahertz frequencies enter here, as well as 12.8 MHz.
     We only end up here if right shift before multiplication is exact. */
  return ((m << 8) + t) * (MICROSECONDS_PER_TIMER0_OVERFLOW >> 8);
     224:	ba 2f       	mov	r27, r26
     226:	a9 2f       	mov	r26, r25
     228:	98 2f       	mov	r25, r24
     22a:	88 27       	eor	r24, r24
     22c:	bc 01       	movw	r22, r24
     22e:	cd 01       	movw	r24, r26
     230:	62 0f       	add	r22, r18
     232:	71 1d       	adc	r23, r1
     234:	81 1d       	adc	r24, r1
     236:	91 1d       	adc	r25, r1
     238:	43 e0       	ldi	r20, 0x03	; 3
     23a:	66 0f       	add	r22, r22
     23c:	77 1f       	adc	r23, r23
     23e:	88 1f       	adc	r24, r24
     240:	99 1f       	adc	r25, r25
     242:	4a 95       	dec	r20
     244:	d1 f7       	brne	.-12     	; 0x23a <micros+0x3c>
/home/roman/.arduino15/packages/MightyCore/hardware/avr/3.0.1/cores/MCUdude_corefiles/wiring.c:393
  // m & t are multiplied by 4 (since it was already multiplied by 256)
  // t is multiplied by 4
  return ((m << 8) + t) * (64 / clockCyclesPerMicrosecond());
#endif
#endif // 0
}
     246:	08 95       	ret

00000248 <TwoWire::onRequestService()>:
_ZN7TwoWire16onRequestServiceEv():
/home/roman/.arduino15/packages/MightyCore/hardware/avr/3.0.1/libraries/Wire/src/Wire.cpp:366
  // !!! this will kill any pending pre-master sendTo() activity
  txBufferIndex = 0;
  txBufferLength = 0;
  // alert user program
  user_onRequest();
}
     248:	08 95       	ret

0000024a <TwoWire::onReceiveService(unsigned char*, int)>:
_ZN7TwoWire16onReceiveServiceEPhi():
/home/roman/.arduino15/packages/MightyCore/hardware/avr/3.0.1/libraries/Wire/src/Wire.cpp:351
  // set rx iterator vars
  rxBufferIndex = 0;
  rxBufferLength = numBytes;
  // alert user program
  user_onReceive(numBytes);
}
     24a:	08 95       	ret

0000024c <Print::write(unsigned char const*, unsigned int)>:
_ZN5Print5writeEPKhj():
/home/roman/.arduino15/packages/MightyCore/hardware/avr/3.0.1/cores/MCUdude_corefiles/Print.cpp:35

// Public Methods //////////////////////////////////////////////////////////////

/* default implementation: may be overridden */
size_t Print::write(const uint8_t *buffer, size_t size)
{
     24c:	af 92       	push	r10
     24e:	bf 92       	push	r11
     250:	cf 92       	push	r12
     252:	df 92       	push	r13
     254:	ef 92       	push	r14
     256:	ff 92       	push	r15
     258:	0f 93       	push	r16
     25a:	1f 93       	push	r17
     25c:	cf 93       	push	r28
     25e:	df 93       	push	r29
     260:	6c 01       	movw	r12, r24
     262:	7b 01       	movw	r14, r22
     264:	8b 01       	movw	r16, r22
     266:	04 0f       	add	r16, r20
     268:	15 1f       	adc	r17, r21
     26a:	eb 01       	movw	r28, r22
     26c:	5e 01       	movw	r10, r28
     26e:	ae 18       	sub	r10, r14
     270:	bf 08       	sbc	r11, r15
/home/roman/.arduino15/packages/MightyCore/hardware/avr/3.0.1/cores/MCUdude_corefiles/Print.cpp:37
  size_t n = 0;
  while (size--) {
     272:	c0 17       	cp	r28, r16
     274:	d1 07       	cpc	r29, r17
     276:	59 f0       	breq	.+22     	; 0x28e <Print::write(unsigned char const*, unsigned int)+0x42>
/home/roman/.arduino15/packages/MightyCore/hardware/avr/3.0.1/cores/MCUdude_corefiles/Print.cpp:38
    if (write(*buffer++)) n++;
     278:	69 91       	ld	r22, Y+
     27a:	d6 01       	movw	r26, r12
     27c:	ed 91       	ld	r30, X+
     27e:	fc 91       	ld	r31, X
     280:	01 90       	ld	r0, Z+
     282:	f0 81       	ld	r31, Z
     284:	e0 2d       	mov	r30, r0
     286:	c6 01       	movw	r24, r12
     288:	09 95       	icall
     28a:	89 2b       	or	r24, r25
     28c:	79 f7       	brne	.-34     	; 0x26c <Print::write(unsigned char const*, unsigned int)+0x20>
/home/roman/.arduino15/packages/MightyCore/hardware/avr/3.0.1/cores/MCUdude_corefiles/Print.cpp:42
    else break;
  }
  return n;
}
     28e:	c5 01       	movw	r24, r10
     290:	df 91       	pop	r29
     292:	cf 91       	pop	r28
     294:	1f 91       	pop	r17
     296:	0f 91       	pop	r16
     298:	ff 90       	pop	r15
     29a:	ef 90       	pop	r14
     29c:	df 90       	pop	r13
     29e:	cf 90       	pop	r12
     2a0:	bf 90       	pop	r11
     2a2:	af 90       	pop	r10
     2a4:	08 95       	ret

000002a6 <HardwareSerial::availableForWrite()>:
_ZN14HardwareSerial17availableForWriteEv():
/home/roman/.arduino15/packages/MightyCore/hardware/avr/3.0.1/cores/MCUdude_corefiles/HardwareSerial.cpp:195
{
  tx_buffer_index_t head;
  tx_buffer_index_t tail;

  TX_BUFFER_ATOMIC {
    head = _tx_buffer_head;
     2a6:	fc 01       	movw	r30, r24
     2a8:	53 8d       	ldd	r21, Z+27	; 0x1b
/home/roman/.arduino15/packages/MightyCore/hardware/avr/3.0.1/cores/MCUdude_corefiles/HardwareSerial.cpp:196
    tail = _tx_buffer_tail;
     2aa:	44 8d       	ldd	r20, Z+28	; 0x1c
     2ac:	25 2f       	mov	r18, r21
     2ae:	30 e0       	ldi	r19, 0x00	; 0
     2b0:	84 2f       	mov	r24, r20
     2b2:	90 e0       	ldi	r25, 0x00	; 0
/home/roman/.arduino15/packages/MightyCore/hardware/avr/3.0.1/cores/MCUdude_corefiles/HardwareSerial.cpp:198
  }
  if (head >= tail) return SERIAL_TX_BUFFER_SIZE - 1 - head + tail;
     2b4:	82 1b       	sub	r24, r18
     2b6:	93 0b       	sbc	r25, r19
     2b8:	54 17       	cp	r21, r20
     2ba:	10 f0       	brcs	.+4      	; 0x2c0 <HardwareSerial::availableForWrite()+0x1a>
     2bc:	cf 96       	adiw	r24, 0x3f	; 63
     2be:	08 95       	ret
/home/roman/.arduino15/packages/MightyCore/hardware/avr/3.0.1/cores/MCUdude_corefiles/HardwareSerial.cpp:199
  return tail - head - 1;
     2c0:	01 97       	sbiw	r24, 0x01	; 1
/home/roman/.arduino15/packages/MightyCore/hardware/avr/3.0.1/cores/MCUdude_corefiles/HardwareSerial.cpp:200
}
     2c2:	08 95       	ret

000002c4 <HardwareSerial::read()>:
_ZN14HardwareSerial4readEv():
/home/roman/.arduino15/packages/MightyCore/hardware/avr/3.0.1/cores/MCUdude_corefiles/HardwareSerial.cpp:178
    return _rx_buffer[_rx_buffer_tail];
  }
}

int HardwareSerial::read(void)
{
     2c4:	fc 01       	movw	r30, r24
/home/roman/.arduino15/packages/MightyCore/hardware/avr/3.0.1/cores/MCUdude_corefiles/HardwareSerial.cpp:180
  // if the head isn't ahead of the tail, we don't have any characters
  if (_rx_buffer_head == _rx_buffer_tail) {
     2c6:	91 8d       	ldd	r25, Z+25	; 0x19
     2c8:	82 8d       	ldd	r24, Z+26	; 0x1a
     2ca:	98 17       	cp	r25, r24
     2cc:	61 f0       	breq	.+24     	; 0x2e6 <HardwareSerial::read()+0x22>
/home/roman/.arduino15/packages/MightyCore/hardware/avr/3.0.1/cores/MCUdude_corefiles/HardwareSerial.cpp:183
    return -1;
  } else {
    unsigned char c = _rx_buffer[_rx_buffer_tail];
     2ce:	a2 8d       	ldd	r26, Z+26	; 0x1a
     2d0:	ae 0f       	add	r26, r30
     2d2:	bf 2f       	mov	r27, r31
     2d4:	b1 1d       	adc	r27, r1
     2d6:	5d 96       	adiw	r26, 0x1d	; 29
     2d8:	8c 91       	ld	r24, X
/home/roman/.arduino15/packages/MightyCore/hardware/avr/3.0.1/cores/MCUdude_corefiles/HardwareSerial.cpp:184
    _rx_buffer_tail = (rx_buffer_index_t)(_rx_buffer_tail + 1) % SERIAL_RX_BUFFER_SIZE;
     2da:	92 8d       	ldd	r25, Z+26	; 0x1a
     2dc:	9f 5f       	subi	r25, 0xFF	; 255
     2de:	9f 73       	andi	r25, 0x3F	; 63
     2e0:	92 8f       	std	Z+26, r25	; 0x1a
/home/roman/.arduino15/packages/MightyCore/hardware/avr/3.0.1/cores/MCUdude_corefiles/HardwareSerial.cpp:185
    return c;
     2e2:	90 e0       	ldi	r25, 0x00	; 0
     2e4:	08 95       	ret
/home/roman/.arduino15/packages/MightyCore/hardware/avr/3.0.1/cores/MCUdude_corefiles/HardwareSerial.cpp:181

int HardwareSerial::read(void)
{
  // if the head isn't ahead of the tail, we don't have any characters
  if (_rx_buffer_head == _rx_buffer_tail) {
    return -1;
     2e6:	8f ef       	ldi	r24, 0xFF	; 255
     2e8:	9f ef       	ldi	r25, 0xFF	; 255
/home/roman/.arduino15/packages/MightyCore/hardware/avr/3.0.1/cores/MCUdude_corefiles/HardwareSerial.cpp:187
  } else {
    unsigned char c = _rx_buffer[_rx_buffer_tail];
    _rx_buffer_tail = (rx_buffer_index_t)(_rx_buffer_tail + 1) % SERIAL_RX_BUFFER_SIZE;
    return c;
  }
}
     2ea:	08 95       	ret

000002ec <HardwareSerial::peek()>:
_ZN14HardwareSerial4peekEv():
/home/roman/.arduino15/packages/MightyCore/hardware/avr/3.0.1/cores/MCUdude_corefiles/HardwareSerial.cpp:169
{
  return ((unsigned int)(SERIAL_RX_BUFFER_SIZE + _rx_buffer_head - _rx_buffer_tail)) % SERIAL_RX_BUFFER_SIZE;
}

int HardwareSerial::peek(void)
{
     2ec:	fc 01       	movw	r30, r24
/home/roman/.arduino15/packages/MightyCore/hardware/avr/3.0.1/cores/MCUdude_corefiles/HardwareSerial.cpp:170
  if (_rx_buffer_head == _rx_buffer_tail) {
     2ee:	91 8d       	ldd	r25, Z+25	; 0x19
     2f0:	82 8d       	ldd	r24, Z+26	; 0x1a
     2f2:	98 17       	cp	r25, r24
     2f4:	31 f0       	breq	.+12     	; 0x302 <HardwareSerial::peek()+0x16>
/home/roman/.arduino15/packages/MightyCore/hardware/avr/3.0.1/cores/MCUdude_corefiles/HardwareSerial.cpp:173
    return -1;
  } else {
    return _rx_buffer[_rx_buffer_tail];
     2f6:	82 8d       	ldd	r24, Z+26	; 0x1a
     2f8:	e8 0f       	add	r30, r24
     2fa:	f1 1d       	adc	r31, r1
     2fc:	85 8d       	ldd	r24, Z+29	; 0x1d
     2fe:	90 e0       	ldi	r25, 0x00	; 0
     300:	08 95       	ret
/home/roman/.arduino15/packages/MightyCore/hardware/avr/3.0.1/cores/MCUdude_corefiles/HardwareSerial.cpp:171
}

int HardwareSerial::peek(void)
{
  if (_rx_buffer_head == _rx_buffer_tail) {
    return -1;
     302:	8f ef       	ldi	r24, 0xFF	; 255
     304:	9f ef       	ldi	r25, 0xFF	; 255
/home/roman/.arduino15/packages/MightyCore/hardware/avr/3.0.1/cores/MCUdude_corefiles/HardwareSerial.cpp:175
  } else {
    return _rx_buffer[_rx_buffer_tail];
  }
}
     306:	08 95       	ret

00000308 <HardwareSerial::available()>:
_ZN14HardwareSerial9availableEv():
/home/roman/.arduino15/packages/MightyCore/hardware/avr/3.0.1/cores/MCUdude_corefiles/HardwareSerial.cpp:164
  // clear any received data
  _rx_buffer_head = _rx_buffer_tail;
}

int HardwareSerial::available(void)
{
     308:	fc 01       	movw	r30, r24
/home/roman/.arduino15/packages/MightyCore/hardware/avr/3.0.1/cores/MCUdude_corefiles/HardwareSerial.cpp:165
  return ((unsigned int)(SERIAL_RX_BUFFER_SIZE + _rx_buffer_head - _rx_buffer_tail)) % SERIAL_RX_BUFFER_SIZE;
     30a:	91 8d       	ldd	r25, Z+25	; 0x19
     30c:	22 8d       	ldd	r18, Z+26	; 0x1a
     30e:	89 2f       	mov	r24, r25
     310:	90 e0       	ldi	r25, 0x00	; 0
     312:	80 5c       	subi	r24, 0xC0	; 192
     314:	9f 4f       	sbci	r25, 0xFF	; 255
     316:	82 1b       	sub	r24, r18
     318:	91 09       	sbc	r25, r1
/home/roman/.arduino15/packages/MightyCore/hardware/avr/3.0.1/cores/MCUdude_corefiles/HardwareSerial.cpp:166
}
     31a:	8f 73       	andi	r24, 0x3F	; 63
     31c:	99 27       	eor	r25, r25
     31e:	08 95       	ret

00000320 <Serial0_available()>:
_Z17Serial0_availablev():
/home/roman/.arduino15/packages/MightyCore/hardware/avr/3.0.1/cores/MCUdude_corefiles/HardwareSerial0.cpp:76
#endif

// Function that can be weakly referenced by serialEventRun to prevent
// pulling in this file if it's not otherwise used.
bool Serial0_available() {
  return Serial.available();
     320:	8d ea       	ldi	r24, 0xAD	; 173
     322:	94 e0       	ldi	r25, 0x04	; 4
     324:	0e 94 84 01 	call	0x308	; 0x308 <HardwareSerial::available()>
     328:	21 e0       	ldi	r18, 0x01	; 1
     32a:	89 2b       	or	r24, r25
     32c:	09 f4       	brne	.+2      	; 0x330 <Serial0_available()+0x10>
     32e:	20 e0       	ldi	r18, 0x00	; 0
/home/roman/.arduino15/packages/MightyCore/hardware/avr/3.0.1/cores/MCUdude_corefiles/HardwareSerial0.cpp:77
}
     330:	82 2f       	mov	r24, r18
     332:	08 95       	ret

00000334 <HardwareSerial::_tx_udr_empty_irq()>:
_ZN14HardwareSerial17_tx_udr_empty_irqEv():
/home/roman/.arduino15/packages/MightyCore/hardware/avr/3.0.1/cores/MCUdude_corefiles/HardwareSerial.cpp:90
#endif

// Actual interrupt handlers //////////////////////////////////////////////////////////////

void HardwareSerial::_tx_udr_empty_irq(void)
{
     334:	fc 01       	movw	r30, r24
/home/roman/.arduino15/packages/MightyCore/hardware/avr/3.0.1/cores/MCUdude_corefiles/HardwareSerial.cpp:93
  // If interrupts are enabled, there must be more data in the output
  // buffer. Send the next byte
  unsigned char c = _tx_buffer[_tx_buffer_tail];
     336:	a4 8d       	ldd	r26, Z+28	; 0x1c
     338:	a8 0f       	add	r26, r24
     33a:	b9 2f       	mov	r27, r25
     33c:	b1 1d       	adc	r27, r1
     33e:	a3 5a       	subi	r26, 0xA3	; 163
     340:	bf 4f       	sbci	r27, 0xFF	; 255
     342:	2c 91       	ld	r18, X
/home/roman/.arduino15/packages/MightyCore/hardware/avr/3.0.1/cores/MCUdude_corefiles/HardwareSerial.cpp:94
  _tx_buffer_tail = (_tx_buffer_tail + 1) % SERIAL_TX_BUFFER_SIZE;
     344:	84 8d       	ldd	r24, Z+28	; 0x1c
     346:	90 e0       	ldi	r25, 0x00	; 0
     348:	01 96       	adiw	r24, 0x01	; 1
     34a:	8f 73       	andi	r24, 0x3F	; 63
     34c:	99 27       	eor	r25, r25
     34e:	84 8f       	std	Z+28, r24	; 0x1c
/home/roman/.arduino15/packages/MightyCore/hardware/avr/3.0.1/cores/MCUdude_corefiles/HardwareSerial.cpp:96

  *_udr = c;
     350:	a6 89       	ldd	r26, Z+22	; 0x16
     352:	b7 89       	ldd	r27, Z+23	; 0x17
     354:	2c 93       	st	X, r18
/home/roman/.arduino15/packages/MightyCore/hardware/avr/3.0.1/cores/MCUdude_corefiles/HardwareSerial.cpp:104
  // location". This makes sure flush() won't return until the bytes
  // actually got written. Other r/w bits are preserved, and zeroes
  // written to the rest.

  #ifdef MPCM0
    *_ucsra = ((*_ucsra) & ((1 << U2X0) | (1 << MPCM0))) | (1 << TXC0);
     356:	a0 89       	ldd	r26, Z+16	; 0x10
     358:	b1 89       	ldd	r27, Z+17	; 0x11
     35a:	8c 91       	ld	r24, X
     35c:	83 70       	andi	r24, 0x03	; 3
     35e:	80 64       	ori	r24, 0x40	; 64
     360:	8c 93       	st	X, r24
/home/roman/.arduino15/packages/MightyCore/hardware/avr/3.0.1/cores/MCUdude_corefiles/HardwareSerial.cpp:109
  #else
    *_ucsra = ((*_ucsra) & ((1 << U2X0) | (1 << TXC0)));
  #endif

  if (_tx_buffer_head == _tx_buffer_tail) {
     362:	93 8d       	ldd	r25, Z+27	; 0x1b
     364:	84 8d       	ldd	r24, Z+28	; 0x1c
     366:	98 13       	cpse	r25, r24
     368:	06 c0       	rjmp	.+12     	; 0x376 <HardwareSerial::_tx_udr_empty_irq()+0x42>
/home/roman/.arduino15/packages/MightyCore/hardware/avr/3.0.1/cores/MCUdude_corefiles/HardwareSerial.cpp:111
    // Buffer empty, so disable interrupts
    *_ucsrb &= ~_BV(UDRIE0);
     36a:	02 88       	ldd	r0, Z+18	; 0x12
     36c:	f3 89       	ldd	r31, Z+19	; 0x13
     36e:	e0 2d       	mov	r30, r0
     370:	80 81       	ld	r24, Z
     372:	8f 7d       	andi	r24, 0xDF	; 223
     374:	80 83       	st	Z, r24
/home/roman/.arduino15/packages/MightyCore/hardware/avr/3.0.1/cores/MCUdude_corefiles/HardwareSerial.cpp:113
  }
}
     376:	08 95       	ret

00000378 <HardwareSerial::write(unsigned char)>:
_ZN14HardwareSerial5writeEh():
/home/roman/.arduino15/packages/MightyCore/hardware/avr/3.0.1/cores/MCUdude_corefiles/HardwareSerial.cpp:223
  // If we get here, nothing is queued anymore (DRIE is disabled) and
  // the hardware finished tranmission (TXC is set).
}

size_t HardwareSerial::write(uint8_t c)
{
     378:	ef 92       	push	r14
     37a:	ff 92       	push	r15
     37c:	0f 93       	push	r16
     37e:	1f 93       	push	r17
     380:	cf 93       	push	r28
     382:	df 93       	push	r29
     384:	ec 01       	movw	r28, r24
/home/roman/.arduino15/packages/MightyCore/hardware/avr/3.0.1/cores/MCUdude_corefiles/HardwareSerial.cpp:224
  _written = true;
     386:	81 e0       	ldi	r24, 0x01	; 1
     388:	88 8f       	std	Y+24, r24	; 0x18
/home/roman/.arduino15/packages/MightyCore/hardware/avr/3.0.1/cores/MCUdude_corefiles/HardwareSerial.cpp:229
  // If the buffer and the data register is empty, just write the byte
  // to the data register and be done. This shortcut helps
  // significantly improve the effective datarate at high (>
  // 500kbit/s) bitrates, where interrupt overhead becomes a slowdown.
  if (_tx_buffer_head == _tx_buffer_tail && bit_is_set(*_ucsra, UDRE0)) {
     38a:	9b 8d       	ldd	r25, Y+27	; 0x1b
     38c:	8c 8d       	ldd	r24, Y+28	; 0x1c
     38e:	98 13       	cpse	r25, r24
     390:	1a c0       	rjmp	.+52     	; 0x3c6 <HardwareSerial::write(unsigned char)+0x4e>
     392:	e8 89       	ldd	r30, Y+16	; 0x10
     394:	f9 89       	ldd	r31, Y+17	; 0x11
     396:	80 81       	ld	r24, Z
     398:	85 ff       	sbrs	r24, 5
     39a:	15 c0       	rjmp	.+42     	; 0x3c6 <HardwareSerial::write(unsigned char)+0x4e>
/home/roman/.arduino15/packages/MightyCore/hardware/avr/3.0.1/cores/MCUdude_corefiles/HardwareSerial.cpp:238
    // So writing UDR must happen first.
    // Writing UDR and clearing TC must be done atomically, otherwise
    // interrupts might delay the TXC clear so the byte written to UDR
    // is transmitted (setting TXC) before clearing TXC. Then TXC will
    // be cleared when no bytes are left, causing flush() to hang
    ATOMIC_BLOCK(ATOMIC_RESTORESTATE) {
     39c:	9f b7       	in	r25, 0x3f	; 63
__iCliRetVal():
/home/roman/.arduino15/packages/arduino/tools/avr-gcc/7.3.0-atmel3.6.1-arduino7/avr/include/util/atomic.h:50
    return 1;
}

static __inline__ uint8_t __iCliRetVal(void)
{
    cli();
     39e:	f8 94       	cli
_ZN14HardwareSerial5writeEh():
/home/roman/.arduino15/packages/MightyCore/hardware/avr/3.0.1/cores/MCUdude_corefiles/HardwareSerial.cpp:239
      *_udr = c;
     3a0:	ee 89       	ldd	r30, Y+22	; 0x16
     3a2:	ff 89       	ldd	r31, Y+23	; 0x17
     3a4:	60 83       	st	Z, r22
/home/roman/.arduino15/packages/MightyCore/hardware/avr/3.0.1/cores/MCUdude_corefiles/HardwareSerial.cpp:241
      #ifdef MPCM0
        *_ucsra = ((*_ucsra) & ((1 << U2X0) | (1 << MPCM0))) | (1 << TXC0);
     3a6:	e8 89       	ldd	r30, Y+16	; 0x10
     3a8:	f9 89       	ldd	r31, Y+17	; 0x11
     3aa:	80 81       	ld	r24, Z
     3ac:	83 70       	andi	r24, 0x03	; 3
     3ae:	80 64       	ori	r24, 0x40	; 64
/home/roman/.arduino15/packages/MightyCore/hardware/avr/3.0.1/cores/MCUdude_corefiles/HardwareSerial.cpp:271
  // make atomic to prevent execution of ISR between setting the
  // head pointer and setting the interrupt flag resulting in buffer
  // retransmission
  ATOMIC_BLOCK(ATOMIC_RESTORESTATE) {
    _tx_buffer_head = i;
    *_ucsrb |= _BV(UDRIE0);
     3b0:	80 83       	st	Z, r24
__iRestore():
/home/roman/.arduino15/packages/arduino/tools/avr-gcc/7.3.0-atmel3.6.1-arduino7/avr/include/util/atomic.h:70
    (void)__s;
}

static __inline__ void __iRestore(const  uint8_t *__s)
{
    SREG = *__s;
     3b2:	9f bf       	out	0x3f, r25	; 63
_ZN14HardwareSerial5writeEh():
/home/roman/.arduino15/packages/MightyCore/hardware/avr/3.0.1/cores/MCUdude_corefiles/HardwareSerial.cpp:275
  }
  
  return 1;
}
     3b4:	81 e0       	ldi	r24, 0x01	; 1
     3b6:	90 e0       	ldi	r25, 0x00	; 0
     3b8:	df 91       	pop	r29
     3ba:	cf 91       	pop	r28
     3bc:	1f 91       	pop	r17
     3be:	0f 91       	pop	r16
     3c0:	ff 90       	pop	r15
     3c2:	ef 90       	pop	r14
     3c4:	08 95       	ret
     3c6:	f6 2e       	mov	r15, r22
/home/roman/.arduino15/packages/MightyCore/hardware/avr/3.0.1/cores/MCUdude_corefiles/HardwareSerial.cpp:248
        *_ucsra = ((*_ucsra) & ((1 << U2X0) | (1 << TXC0)));
      #endif
    }
    return 1;
  }
  tx_buffer_index_t i = (_tx_buffer_head + 1) % SERIAL_TX_BUFFER_SIZE;
     3c8:	0b 8d       	ldd	r16, Y+27	; 0x1b
     3ca:	10 e0       	ldi	r17, 0x00	; 0
     3cc:	0f 5f       	subi	r16, 0xFF	; 255
     3ce:	1f 4f       	sbci	r17, 0xFF	; 255
     3d0:	0f 73       	andi	r16, 0x3F	; 63
     3d2:	11 27       	eor	r17, r17
     3d4:	e0 2e       	mov	r14, r16
/home/roman/.arduino15/packages/MightyCore/hardware/avr/3.0.1/cores/MCUdude_corefiles/HardwareSerial.cpp:252

  // If the output buffer is full, there's nothing for it other than to 
  // wait for the interrupt handler to empty it a bit
  while (i == _tx_buffer_tail) {
     3d6:	8c 8d       	ldd	r24, Y+28	; 0x1c
     3d8:	8e 11       	cpse	r24, r14
     3da:	0c c0       	rjmp	.+24     	; 0x3f4 <HardwareSerial::write(unsigned char)+0x7c>
/home/roman/.arduino15/packages/MightyCore/hardware/avr/3.0.1/cores/MCUdude_corefiles/HardwareSerial.cpp:253
    if (bit_is_clear(SREG, SREG_I)) {
     3dc:	0f b6       	in	r0, 0x3f	; 63
     3de:	07 fc       	sbrc	r0, 7
     3e0:	fa cf       	rjmp	.-12     	; 0x3d6 <HardwareSerial::write(unsigned char)+0x5e>
/home/roman/.arduino15/packages/MightyCore/hardware/avr/3.0.1/cores/MCUdude_corefiles/HardwareSerial.cpp:258
      // Interrupts are disabled, so we'll have to poll the data
      // register empty flag ourselves. If it is set, pretend an
      // interrupt has happened and call the handler to free up
      // space for us.
      if(bit_is_set(*_ucsra, UDRE0))
     3e2:	e8 89       	ldd	r30, Y+16	; 0x10
     3e4:	f9 89       	ldd	r31, Y+17	; 0x11
     3e6:	80 81       	ld	r24, Z
     3e8:	85 ff       	sbrs	r24, 5
     3ea:	f5 cf       	rjmp	.-22     	; 0x3d6 <HardwareSerial::write(unsigned char)+0x5e>
/home/roman/.arduino15/packages/MightyCore/hardware/avr/3.0.1/cores/MCUdude_corefiles/HardwareSerial.cpp:259
        _tx_udr_empty_irq();
     3ec:	ce 01       	movw	r24, r28
     3ee:	0e 94 9a 01 	call	0x334	; 0x334 <HardwareSerial::_tx_udr_empty_irq()>
     3f2:	f1 cf       	rjmp	.-30     	; 0x3d6 <HardwareSerial::write(unsigned char)+0x5e>
/home/roman/.arduino15/packages/MightyCore/hardware/avr/3.0.1/cores/MCUdude_corefiles/HardwareSerial.cpp:265
    } else {
      // nop, the interrupt handler will free up space for us
    }
  }

  _tx_buffer[_tx_buffer_head] = c;
     3f4:	eb 8d       	ldd	r30, Y+27	; 0x1b
     3f6:	ec 0f       	add	r30, r28
     3f8:	fd 2f       	mov	r31, r29
     3fa:	f1 1d       	adc	r31, r1
     3fc:	e3 5a       	subi	r30, 0xA3	; 163
     3fe:	ff 4f       	sbci	r31, 0xFF	; 255
     400:	f0 82       	st	Z, r15
/home/roman/.arduino15/packages/MightyCore/hardware/avr/3.0.1/cores/MCUdude_corefiles/HardwareSerial.cpp:269
  // make atomic to prevent execution of ISR between setting the
  // head pointer and setting the interrupt flag resulting in buffer
  // retransmission
  ATOMIC_BLOCK(ATOMIC_RESTORESTATE) {
     402:	9f b7       	in	r25, 0x3f	; 63
__iCliRetVal():
/home/roman/.arduino15/packages/arduino/tools/avr-gcc/7.3.0-atmel3.6.1-arduino7/avr/include/util/atomic.h:50
    return 1;
}

static __inline__ uint8_t __iCliRetVal(void)
{
    cli();
     404:	f8 94       	cli
_ZN14HardwareSerial5writeEh():
/home/roman/.arduino15/packages/MightyCore/hardware/avr/3.0.1/cores/MCUdude_corefiles/HardwareSerial.cpp:270
    _tx_buffer_head = i;
     406:	0b 8f       	std	Y+27, r16	; 0x1b
/home/roman/.arduino15/packages/MightyCore/hardware/avr/3.0.1/cores/MCUdude_corefiles/HardwareSerial.cpp:271
    *_ucsrb |= _BV(UDRIE0);
     408:	ea 89       	ldd	r30, Y+18	; 0x12
     40a:	fb 89       	ldd	r31, Y+19	; 0x13
     40c:	80 81       	ld	r24, Z
     40e:	80 62       	ori	r24, 0x20	; 32
     410:	cf cf       	rjmp	.-98     	; 0x3b0 <HardwareSerial::write(unsigned char)+0x38>

00000412 <HardwareSerial::flush()>:
_ZN14HardwareSerial5flushEv():
/home/roman/.arduino15/packages/MightyCore/hardware/avr/3.0.1/cores/MCUdude_corefiles/HardwareSerial.cpp:203
  if (head >= tail) return SERIAL_TX_BUFFER_SIZE - 1 - head + tail;
  return tail - head - 1;
}

void HardwareSerial::flush()
{
     412:	cf 93       	push	r28
     414:	df 93       	push	r29
     416:	ec 01       	movw	r28, r24
/home/roman/.arduino15/packages/MightyCore/hardware/avr/3.0.1/cores/MCUdude_corefiles/HardwareSerial.cpp:207
  // If we have never written a byte, no need to flush. This special
  // case is needed since there is no way to force the TXC (transmit
  // complete) bit to 1 during initialization
  if (!_written)
     418:	88 8d       	ldd	r24, Y+24	; 0x18
     41a:	88 23       	and	r24, r24
     41c:	b9 f0       	breq	.+46     	; 0x44c <HardwareSerial::flush()+0x3a>
/home/roman/.arduino15/packages/MightyCore/hardware/avr/3.0.1/cores/MCUdude_corefiles/HardwareSerial.cpp:210
    return;

  while (bit_is_set(*_ucsrb, UDRIE0) || bit_is_clear(*_ucsra, TXC0)) {
     41e:	aa 89       	ldd	r26, Y+18	; 0x12
     420:	bb 89       	ldd	r27, Y+19	; 0x13
     422:	e8 89       	ldd	r30, Y+16	; 0x10
     424:	f9 89       	ldd	r31, Y+17	; 0x11
     426:	8c 91       	ld	r24, X
     428:	85 fd       	sbrc	r24, 5
     42a:	03 c0       	rjmp	.+6      	; 0x432 <HardwareSerial::flush()+0x20>
     42c:	80 81       	ld	r24, Z
     42e:	86 fd       	sbrc	r24, 6
     430:	0d c0       	rjmp	.+26     	; 0x44c <HardwareSerial::flush()+0x3a>
/home/roman/.arduino15/packages/MightyCore/hardware/avr/3.0.1/cores/MCUdude_corefiles/HardwareSerial.cpp:211
    if (bit_is_clear(SREG, SREG_I) && bit_is_set(*_ucsrb, UDRIE0))
     432:	0f b6       	in	r0, 0x3f	; 63
     434:	07 fc       	sbrc	r0, 7
     436:	f7 cf       	rjmp	.-18     	; 0x426 <HardwareSerial::flush()+0x14>
     438:	8c 91       	ld	r24, X
     43a:	85 ff       	sbrs	r24, 5
     43c:	f2 cf       	rjmp	.-28     	; 0x422 <HardwareSerial::flush()+0x10>
/home/roman/.arduino15/packages/MightyCore/hardware/avr/3.0.1/cores/MCUdude_corefiles/HardwareSerial.cpp:215
      // Interrupts are globally disabled, but the DR empty
      // interrupt should be enabled, so poll the DR empty flag to
      // prevent deadlock
      if (bit_is_set(*_ucsra, UDRE0))
     43e:	80 81       	ld	r24, Z
     440:	85 ff       	sbrs	r24, 5
     442:	ed cf       	rjmp	.-38     	; 0x41e <HardwareSerial::flush()+0xc>
/home/roman/.arduino15/packages/MightyCore/hardware/avr/3.0.1/cores/MCUdude_corefiles/HardwareSerial.cpp:216
        _tx_udr_empty_irq();
     444:	ce 01       	movw	r24, r28
     446:	0e 94 9a 01 	call	0x334	; 0x334 <HardwareSerial::_tx_udr_empty_irq()>
     44a:	e9 cf       	rjmp	.-46     	; 0x41e <HardwareSerial::flush()+0xc>
/home/roman/.arduino15/packages/MightyCore/hardware/avr/3.0.1/cores/MCUdude_corefiles/HardwareSerial.cpp:220
  }
  // If we get here, nothing is queued anymore (DRIE is disabled) and
  // the hardware finished tranmission (TXC is set).
}
     44c:	df 91       	pop	r29
     44e:	cf 91       	pop	r28
     450:	08 95       	ret

00000452 <serialEventRun()>:
_Z14serialEventRunv():
/home/roman/.arduino15/packages/MightyCore/hardware/avr/3.0.1/cores/MCUdude_corefiles/HardwareSerial.cpp:67
#endif

void serialEventRun(void)
{
#if defined(HAVE_HWSERIAL0)
  if (Serial0_available && serialEvent && Serial0_available()) serialEvent();
     452:	80 e0       	ldi	r24, 0x00	; 0
     454:	90 e0       	ldi	r25, 0x00	; 0
     456:	89 2b       	or	r24, r25
     458:	29 f0       	breq	.+10     	; 0x464 <serialEventRun()+0x12>
     45a:	0e 94 90 01 	call	0x320	; 0x320 <Serial0_available()>
     45e:	81 11       	cpse	r24, r1
     460:	0e 94 00 00 	call	0	; 0x0 <__vectors>
/home/roman/.arduino15/packages/MightyCore/hardware/avr/3.0.1/cores/MCUdude_corefiles/HardwareSerial.cpp:70
#endif
#if defined(HAVE_HWSERIAL1)
  if (Serial1_available && serialEvent1 && Serial1_available()) serialEvent1();
     464:	80 e0       	ldi	r24, 0x00	; 0
     466:	90 e0       	ldi	r25, 0x00	; 0
     468:	89 2b       	or	r24, r25
     46a:	49 f0       	breq	.+18     	; 0x47e <serialEventRun()+0x2c>
     46c:	80 e0       	ldi	r24, 0x00	; 0
     46e:	90 e0       	ldi	r25, 0x00	; 0
     470:	89 2b       	or	r24, r25
     472:	29 f0       	breq	.+10     	; 0x47e <serialEventRun()+0x2c>
     474:	0e 94 00 00 	call	0	; 0x0 <__vectors>
     478:	81 11       	cpse	r24, r1
     47a:	0c 94 00 00 	jmp	0	; 0x0 <__vectors>
/home/roman/.arduino15/packages/MightyCore/hardware/avr/3.0.1/cores/MCUdude_corefiles/HardwareSerial.cpp:78
  if (Serial2_available && serialEvent2 && Serial2_available()) serialEvent2();
#endif
#if defined(HAVE_HWSERIAL3)
  if (Serial3_available && serialEvent3 && Serial3_available()) serialEvent3();
#endif
}
     47e:	08 95       	ret

00000480 <twi_stop>:
twi_stop():
/home/roman/.arduino15/packages/MightyCore/hardware/avr/3.0.1/libraries/Wire/src/utility/twi.c:436
 * Output   none
 */
void twi_stop(void)
{
  // send stop condition
  TWCR = _BV(TWEN) | _BV(TWIE) | _BV(TWEA) | _BV(TWINT) | _BV(TWSTO);
     480:	85 ed       	ldi	r24, 0xD5	; 213
     482:	80 93 bc 00 	sts	0x00BC, r24	; 0x8000bc <__TEXT_REGION_LENGTH__+0x7e00bc>
/home/roman/.arduino15/packages/MightyCore/hardware/avr/3.0.1/libraries/Wire/src/utility/twi.c:456
          return;
        }
      }
    }
  #else
    while(TWCR & _BV(TWSTO)){
     486:	80 91 bc 00 	lds	r24, 0x00BC	; 0x8000bc <__TEXT_REGION_LENGTH__+0x7e00bc>
     48a:	84 fd       	sbrc	r24, 4
     48c:	fc cf       	rjmp	.-8      	; 0x486 <twi_stop+0x6>
/home/roman/.arduino15/packages/MightyCore/hardware/avr/3.0.1/libraries/Wire/src/utility/twi.c:462
      continue;
    }
  #endif

  // update twi state
  twi_state = TWI_READY;
     48e:	10 92 9f 04 	sts	0x049F, r1	; 0x80049f <twi_state>
/home/roman/.arduino15/packages/MightyCore/hardware/avr/3.0.1/libraries/Wire/src/utility/twi.c:463
}
     492:	08 95       	ret

00000494 <twi_transmit>:
twi_transmit():
/home/roman/.arduino15/packages/MightyCore/hardware/avr/3.0.1/libraries/Wire/src/utility/twi.c:371
uint8_t twi_transmit(const uint8_t* data, uint8_t length)
{
  uint8_t i;

  // ensure data will fit into buffer
  if(TWI_BUFFER_SIZE < (twi_txBufferLength+length)){
     494:	20 91 70 04 	lds	r18, 0x0470	; 0x800470 <twi_txBufferLength>
     498:	26 0f       	add	r18, r22
     49a:	33 27       	eor	r19, r19
     49c:	33 1f       	adc	r19, r19
     49e:	21 32       	cpi	r18, 0x21	; 33
     4a0:	31 05       	cpc	r19, r1
     4a2:	ec f4       	brge	.+58     	; 0x4de <twi_transmit+0x4a>
/home/roman/.arduino15/packages/MightyCore/hardware/avr/3.0.1/libraries/Wire/src/utility/twi.c:376
    return 1;
  }

  // ensure we are currently a slave transmitter
  if(TWI_STX != twi_state){
     4a4:	20 91 9f 04 	lds	r18, 0x049F	; 0x80049f <twi_state>
     4a8:	fc 01       	movw	r30, r24
     4aa:	90 e0       	ldi	r25, 0x00	; 0
     4ac:	80 e0       	ldi	r24, 0x00	; 0
     4ae:	24 30       	cpi	r18, 0x04	; 4
     4b0:	69 f0       	breq	.+26     	; 0x4cc <twi_transmit+0x38>
/home/roman/.arduino15/packages/MightyCore/hardware/avr/3.0.1/libraries/Wire/src/utility/twi.c:377
    return 2;
     4b2:	82 e0       	ldi	r24, 0x02	; 2
/home/roman/.arduino15/packages/MightyCore/hardware/avr/3.0.1/libraries/Wire/src/utility/twi.c:387
    twi_txBuffer[twi_txBufferLength+i] = data[i];
  }
  twi_txBufferLength += length;

  return 0;
}
     4b4:	08 95       	ret
/home/roman/.arduino15/packages/MightyCore/hardware/avr/3.0.1/libraries/Wire/src/utility/twi.c:382
    return 2;
  }

  // set length and copy data into tx buffer
  for(i = 0; i < length; ++i){
    twi_txBuffer[twi_txBufferLength+i] = data[i];
     4b6:	a0 91 70 04 	lds	r26, 0x0470	; 0x800470 <twi_txBufferLength>
     4ba:	21 91       	ld	r18, Z+
     4bc:	ac 01       	movw	r20, r24
     4be:	40 5b       	subi	r20, 0xB0	; 176
     4c0:	5b 4f       	sbci	r21, 0xFB	; 251
     4c2:	a4 0f       	add	r26, r20
     4c4:	b5 2f       	mov	r27, r21
     4c6:	b1 1d       	adc	r27, r1
     4c8:	2c 93       	st	X, r18
     4ca:	01 96       	adiw	r24, 0x01	; 1
/home/roman/.arduino15/packages/MightyCore/hardware/avr/3.0.1/libraries/Wire/src/utility/twi.c:381
  if(TWI_STX != twi_state){
    return 2;
  }

  // set length and copy data into tx buffer
  for(i = 0; i < length; ++i){
     4cc:	86 17       	cp	r24, r22
     4ce:	98 f3       	brcs	.-26     	; 0x4b6 <twi_transmit+0x22>
/home/roman/.arduino15/packages/MightyCore/hardware/avr/3.0.1/libraries/Wire/src/utility/twi.c:384
    twi_txBuffer[twi_txBufferLength+i] = data[i];
  }
  twi_txBufferLength += length;
     4d0:	80 91 70 04 	lds	r24, 0x0470	; 0x800470 <twi_txBufferLength>
     4d4:	68 0f       	add	r22, r24
     4d6:	60 93 70 04 	sts	0x0470, r22	; 0x800470 <twi_txBufferLength>
     4da:	80 e0       	ldi	r24, 0x00	; 0
     4dc:	08 95       	ret
/home/roman/.arduino15/packages/MightyCore/hardware/avr/3.0.1/libraries/Wire/src/utility/twi.c:372
{
  uint8_t i;

  // ensure data will fit into buffer
  if(TWI_BUFFER_SIZE < (twi_txBufferLength+length)){
    return 1;
     4de:	81 e0       	ldi	r24, 0x01	; 1
     4e0:	08 95       	ret

000004e2 <TwoWire::flush()>:
_ZN7TwoWire5flushEv():
/home/roman/.arduino15/packages/MightyCore/hardware/avr/3.0.1/libraries/Wire/src/Wire.cpp:326
}

void TwoWire::flush(void)
{
  // XXX: to be implemented.
}
     4e2:	08 95       	ret

000004e4 <TwoWire::peek()>:
_ZN7TwoWire4peekEv():
/home/roman/.arduino15/packages/MightyCore/hardware/avr/3.0.1/libraries/Wire/src/Wire.cpp:316
// or after requestFrom(address, numBytes)
int TwoWire::peek(void)
{
  int value = -1;

  if(rxBufferIndex < rxBufferLength){
     4e4:	e0 91 a3 04 	lds	r30, 0x04A3	; 0x8004a3 <TwoWire::rxBufferIndex>
     4e8:	80 91 a2 04 	lds	r24, 0x04A2	; 0x8004a2 <TwoWire::rxBufferLength>
     4ec:	e8 17       	cp	r30, r24
     4ee:	30 f4       	brcc	.+12     	; 0x4fc <TwoWire::peek()+0x18>
/home/roman/.arduino15/packages/MightyCore/hardware/avr/3.0.1/libraries/Wire/src/Wire.cpp:317
    value = rxBuffer[rxBufferIndex];
     4f0:	f0 e0       	ldi	r31, 0x00	; 0
     4f2:	e0 5d       	subi	r30, 0xD0	; 208
     4f4:	fb 4f       	sbci	r31, 0xFB	; 251
     4f6:	80 81       	ld	r24, Z
     4f8:	90 e0       	ldi	r25, 0x00	; 0
     4fa:	08 95       	ret
/home/roman/.arduino15/packages/MightyCore/hardware/avr/3.0.1/libraries/Wire/src/Wire.cpp:314
// must be called in:
// slave rx event callback
// or after requestFrom(address, numBytes)
int TwoWire::peek(void)
{
  int value = -1;
     4fc:	8f ef       	ldi	r24, 0xFF	; 255
     4fe:	9f ef       	ldi	r25, 0xFF	; 255
/home/roman/.arduino15/packages/MightyCore/hardware/avr/3.0.1/libraries/Wire/src/Wire.cpp:321
  if(rxBufferIndex < rxBufferLength){
    value = rxBuffer[rxBufferIndex];
  }

  return value;
}
     500:	08 95       	ret

00000502 <TwoWire::read()>:
_ZN7TwoWire4readEv():
/home/roman/.arduino15/packages/MightyCore/hardware/avr/3.0.1/libraries/Wire/src/Wire.cpp:301
int TwoWire::read(void)
{
  int value = -1;

  // get each successive byte on each call
  if(rxBufferIndex < rxBufferLength){
     502:	90 91 a3 04 	lds	r25, 0x04A3	; 0x8004a3 <TwoWire::rxBufferIndex>
     506:	80 91 a2 04 	lds	r24, 0x04A2	; 0x8004a2 <TwoWire::rxBufferLength>
/home/roman/.arduino15/packages/MightyCore/hardware/avr/3.0.1/libraries/Wire/src/Wire.cpp:298
// must be called in:
// slave rx event callback
// or after requestFrom(address, numBytes)
int TwoWire::read(void)
{
  int value = -1;
     50a:	2f ef       	ldi	r18, 0xFF	; 255
     50c:	3f ef       	ldi	r19, 0xFF	; 255
/home/roman/.arduino15/packages/MightyCore/hardware/avr/3.0.1/libraries/Wire/src/Wire.cpp:301

  // get each successive byte on each call
  if(rxBufferIndex < rxBufferLength){
     50e:	98 17       	cp	r25, r24
     510:	48 f4       	brcc	.+18     	; 0x524 <TwoWire::read()+0x22>
/home/roman/.arduino15/packages/MightyCore/hardware/avr/3.0.1/libraries/Wire/src/Wire.cpp:302
    value = rxBuffer[rxBufferIndex];
     512:	e9 2f       	mov	r30, r25
     514:	f0 e0       	ldi	r31, 0x00	; 0
     516:	e0 5d       	subi	r30, 0xD0	; 208
     518:	fb 4f       	sbci	r31, 0xFB	; 251
     51a:	20 81       	ld	r18, Z
     51c:	30 e0       	ldi	r19, 0x00	; 0
/home/roman/.arduino15/packages/MightyCore/hardware/avr/3.0.1/libraries/Wire/src/Wire.cpp:303
    ++rxBufferIndex;
     51e:	9f 5f       	subi	r25, 0xFF	; 255
     520:	90 93 a3 04 	sts	0x04A3, r25	; 0x8004a3 <TwoWire::rxBufferIndex>
/home/roman/.arduino15/packages/MightyCore/hardware/avr/3.0.1/libraries/Wire/src/Wire.cpp:307
  }

  return value;
}
     524:	c9 01       	movw	r24, r18
     526:	08 95       	ret

00000528 <TwoWire::available()>:
_ZN7TwoWire9availableEv():
/home/roman/.arduino15/packages/MightyCore/hardware/avr/3.0.1/libraries/Wire/src/Wire.cpp:290
// must be called in:
// slave rx event callback
// or after requestFrom(address, numBytes)
int TwoWire::available(void)
{
  return rxBufferLength - rxBufferIndex;
     528:	80 91 a2 04 	lds	r24, 0x04A2	; 0x8004a2 <TwoWire::rxBufferLength>
     52c:	90 91 a3 04 	lds	r25, 0x04A3	; 0x8004a3 <TwoWire::rxBufferIndex>
/home/roman/.arduino15/packages/MightyCore/hardware/avr/3.0.1/libraries/Wire/src/Wire.cpp:291
}
     530:	89 1b       	sub	r24, r25
     532:	99 0b       	sbc	r25, r25
     534:	08 95       	ret

00000536 <TwoWire::write(unsigned char const*, unsigned int)>:
_ZN7TwoWire5writeEPKhj():
/home/roman/.arduino15/packages/MightyCore/hardware/avr/3.0.1/libraries/Wire/src/Wire.cpp:271

// must be called in:
// slave tx event callback
// or after beginTransmission(address)
size_t TwoWire::write(const uint8_t *data, size_t quantity)
{
     536:	cf 92       	push	r12
     538:	df 92       	push	r13
     53a:	ef 92       	push	r14
     53c:	ff 92       	push	r15
     53e:	0f 93       	push	r16
     540:	1f 93       	push	r17
     542:	cf 93       	push	r28
     544:	df 93       	push	r29
     546:	7c 01       	movw	r14, r24
     548:	cb 01       	movw	r24, r22
     54a:	8a 01       	movw	r16, r20
/home/roman/.arduino15/packages/MightyCore/hardware/avr/3.0.1/libraries/Wire/src/Wire.cpp:272
  if(transmitting){
     54c:	20 91 2f 04 	lds	r18, 0x042F	; 0x80042f <TwoWire::transmitting>
     550:	22 23       	and	r18, r18
     552:	89 f0       	breq	.+34     	; 0x576 <TwoWire::write(unsigned char const*, unsigned int)+0x40>
     554:	eb 01       	movw	r28, r22
     556:	6b 01       	movw	r12, r22
     558:	c4 0e       	add	r12, r20
     55a:	d5 1e       	adc	r13, r21
/home/roman/.arduino15/packages/MightyCore/hardware/avr/3.0.1/libraries/Wire/src/Wire.cpp:274
  // in master transmitter mode
    for(size_t i = 0; i < quantity; ++i){
     55c:	cc 15       	cp	r28, r12
     55e:	dd 05       	cpc	r29, r13
     560:	69 f0       	breq	.+26     	; 0x57c <TwoWire::write(unsigned char const*, unsigned int)+0x46>
/home/roman/.arduino15/packages/MightyCore/hardware/avr/3.0.1/libraries/Wire/src/Wire.cpp:275
      write(data[i]);
     562:	69 91       	ld	r22, Y+
     564:	d7 01       	movw	r26, r14
     566:	ed 91       	ld	r30, X+
     568:	fc 91       	ld	r31, X
     56a:	01 90       	ld	r0, Z+
     56c:	f0 81       	ld	r31, Z
     56e:	e0 2d       	mov	r30, r0
     570:	c7 01       	movw	r24, r14
     572:	09 95       	icall
     574:	f3 cf       	rjmp	.-26     	; 0x55c <TwoWire::write(unsigned char const*, unsigned int)+0x26>
/home/roman/.arduino15/packages/MightyCore/hardware/avr/3.0.1/libraries/Wire/src/Wire.cpp:280
    }
  }else{
  // in slave send mode
    // reply to master
    twi_transmit(data, quantity);
     576:	64 2f       	mov	r22, r20
     578:	0e 94 4a 02 	call	0x494	; 0x494 <twi_transmit>
/home/roman/.arduino15/packages/MightyCore/hardware/avr/3.0.1/libraries/Wire/src/Wire.cpp:283
  }
  return quantity;
}
     57c:	c8 01       	movw	r24, r16
     57e:	df 91       	pop	r29
     580:	cf 91       	pop	r28
     582:	1f 91       	pop	r17
     584:	0f 91       	pop	r16
     586:	ff 90       	pop	r15
     588:	ef 90       	pop	r14
     58a:	df 90       	pop	r13
     58c:	cf 90       	pop	r12
     58e:	08 95       	ret

00000590 <TwoWire::write(unsigned char)>:
_ZN7TwoWire5writeEh():
/home/roman/.arduino15/packages/MightyCore/hardware/avr/3.0.1/libraries/Wire/src/Wire.cpp:246

// must be called in:
// slave tx event callback
// or after beginTransmission(address)
size_t TwoWire::write(uint8_t data)
{
     590:	cf 93       	push	r28
     592:	df 93       	push	r29
     594:	1f 92       	push	r1
     596:	cd b7       	in	r28, 0x3d	; 61
     598:	de b7       	in	r29, 0x3e	; 62
     59a:	69 83       	std	Y+1, r22	; 0x01
/home/roman/.arduino15/packages/MightyCore/hardware/avr/3.0.1/libraries/Wire/src/Wire.cpp:247
  if(transmitting){
     59c:	20 91 2f 04 	lds	r18, 0x042F	; 0x80042f <TwoWire::transmitting>
     5a0:	22 23       	and	r18, r18
     5a2:	f9 f0       	breq	.+62     	; 0x5e2 <TwoWire::write(unsigned char)+0x52>
/home/roman/.arduino15/packages/MightyCore/hardware/avr/3.0.1/libraries/Wire/src/Wire.cpp:250
  // in master transmitter mode
    // don't bother if buffer is full
    if(txBufferLength >= TWI_BUFFER_SIZE){
     5a4:	20 91 a0 04 	lds	r18, 0x04A0	; 0x8004a0 <TwoWire::txBufferLength>
     5a8:	20 32       	cpi	r18, 0x20	; 32
     5aa:	58 f0       	brcs	.+22     	; 0x5c2 <TwoWire::write(unsigned char)+0x32>
_ZN5Print13setWriteErrorEi():
/home/roman/.arduino15/packages/MightyCore/hardware/avr/3.0.1/cores/MCUdude_corefiles/Print.h:44
  private:
    int write_error;
    size_t printNumber(unsigned long, uint8_t);
    size_t printFloat(double, uint8_t);
  protected:
    void setWriteError(int err = 1) { write_error = err; }
     5ac:	21 e0       	ldi	r18, 0x01	; 1
     5ae:	30 e0       	ldi	r19, 0x00	; 0
     5b0:	fc 01       	movw	r30, r24
     5b2:	33 83       	std	Z+3, r19	; 0x03
     5b4:	22 83       	std	Z+2, r18	; 0x02
_ZN7TwoWire5writeEh():
/home/roman/.arduino15/packages/MightyCore/hardware/avr/3.0.1/libraries/Wire/src/Wire.cpp:252
      setWriteError();
      return 0;
     5b6:	90 e0       	ldi	r25, 0x00	; 0
     5b8:	80 e0       	ldi	r24, 0x00	; 0
/home/roman/.arduino15/packages/MightyCore/hardware/avr/3.0.1/libraries/Wire/src/Wire.cpp:265
  // in slave send mode
    // reply to master
    twi_transmit(&data, 1);
  }
  return 1;
}
     5ba:	0f 90       	pop	r0
     5bc:	df 91       	pop	r29
     5be:	cf 91       	pop	r28
     5c0:	08 95       	ret
/home/roman/.arduino15/packages/MightyCore/hardware/avr/3.0.1/libraries/Wire/src/Wire.cpp:255
    if(txBufferLength >= TWI_BUFFER_SIZE){
      setWriteError();
      return 0;
    }
    // put byte in tx buffer
    txBuffer[txBufferIndex] = data;
     5c2:	80 91 a1 04 	lds	r24, 0x04A1	; 0x8004a1 <TwoWire::txBufferIndex>
     5c6:	e8 2f       	mov	r30, r24
     5c8:	f0 e0       	ldi	r31, 0x00	; 0
     5ca:	e1 5f       	subi	r30, 0xF1	; 241
     5cc:	fb 4f       	sbci	r31, 0xFB	; 251
     5ce:	99 81       	ldd	r25, Y+1	; 0x01
     5d0:	90 83       	st	Z, r25
/home/roman/.arduino15/packages/MightyCore/hardware/avr/3.0.1/libraries/Wire/src/Wire.cpp:256
    ++txBufferIndex;
     5d2:	8f 5f       	subi	r24, 0xFF	; 255
     5d4:	80 93 a1 04 	sts	0x04A1, r24	; 0x8004a1 <TwoWire::txBufferIndex>
/home/roman/.arduino15/packages/MightyCore/hardware/avr/3.0.1/libraries/Wire/src/Wire.cpp:258
    // update amount in buffer
    txBufferLength = txBufferIndex;
     5d8:	80 93 a0 04 	sts	0x04A0, r24	; 0x8004a0 <TwoWire::txBufferLength>
/home/roman/.arduino15/packages/MightyCore/hardware/avr/3.0.1/libraries/Wire/src/Wire.cpp:264
  }else{
  // in slave send mode
    // reply to master
    twi_transmit(&data, 1);
  }
  return 1;
     5dc:	81 e0       	ldi	r24, 0x01	; 1
     5de:	90 e0       	ldi	r25, 0x00	; 0
     5e0:	ec cf       	rjmp	.-40     	; 0x5ba <TwoWire::write(unsigned char)+0x2a>
/home/roman/.arduino15/packages/MightyCore/hardware/avr/3.0.1/libraries/Wire/src/Wire.cpp:262
    // update amount in buffer
    txBufferLength = txBufferIndex;
  }else{
  // in slave send mode
    // reply to master
    twi_transmit(&data, 1);
     5e2:	61 e0       	ldi	r22, 0x01	; 1
     5e4:	ce 01       	movw	r24, r28
     5e6:	01 96       	adiw	r24, 0x01	; 1
     5e8:	0e 94 4a 02 	call	0x494	; 0x494 <twi_transmit>
     5ec:	f7 cf       	rjmp	.-18     	; 0x5dc <TwoWire::write(unsigned char)+0x4c>

000005ee <Print::availableForWrite()>:
_ZN5Print17availableForWriteEv():
/home/roman/.arduino15/packages/MightyCore/hardware/avr/3.0.1/cores/MCUdude_corefiles/Print.h:63
      return write((const uint8_t *)buffer, size);
    }

    // default to zero, meaning "a single write may block"
    // should be overriden by subclasses with buffering
    virtual int availableForWrite() { return 0; }
     5ee:	90 e0       	ldi	r25, 0x00	; 0
     5f0:	80 e0       	ldi	r24, 0x00	; 0
     5f2:	08 95       	ret

000005f4 <Print::write(char const*) [clone .part.2] [clone .constprop.16]>:
_ZN5Print5writeEPKc.part.2.constprop.16():
/home/roman/.arduino15/packages/MightyCore/hardware/avr/3.0.1/cores/MCUdude_corefiles/Print.h:54
    void clearWriteError() { setWriteError(0); }

    virtual size_t write(uint8_t) = 0;
    size_t write(const char *str) {
      if (str == NULL) return 0;
      return write((const uint8_t *)str, strlen(str));
     5f4:	fc 01       	movw	r30, r24
     5f6:	01 90       	ld	r0, Z+
     5f8:	00 20       	and	r0, r0
     5fa:	e9 f7       	brne	.-6      	; 0x5f6 <Print::write(char const*) [clone .part.2] [clone .constprop.16]+0x2>
     5fc:	31 97       	sbiw	r30, 0x01	; 1
     5fe:	af 01       	movw	r20, r30
     600:	48 1b       	sub	r20, r24
     602:	59 0b       	sbc	r21, r25
     604:	bc 01       	movw	r22, r24
     606:	8d ea       	ldi	r24, 0xAD	; 173
     608:	94 e0       	ldi	r25, 0x04	; 4
     60a:	0c 94 26 01 	jmp	0x24c	; 0x24c <Print::write(unsigned char const*, unsigned int)>

0000060e <Print::printNumber(unsigned long, unsigned char) [clone .constprop.11]>:
_ZN5Print11printNumberEmh.constprop.11():
/home/roman/.arduino15/packages/MightyCore/hardware/avr/3.0.1/cores/MCUdude_corefiles/Print.cpp:232
  return vfprintf_P(&f, (const char *)format, ap);
}

// Private Methods /////////////////////////////////////////////////////////////

size_t Print::printNumber(unsigned long n, uint8_t base)
     60e:	8f 92       	push	r8
     610:	9f 92       	push	r9
     612:	af 92       	push	r10
     614:	bf 92       	push	r11
     616:	0f 93       	push	r16
     618:	1f 93       	push	r17
     61a:	cf 93       	push	r28
     61c:	df 93       	push	r29
     61e:	cd b7       	in	r28, 0x3d	; 61
     620:	de b7       	in	r29, 0x3e	; 62
     622:	a1 97       	sbiw	r28, 0x21	; 33
     624:	0f b6       	in	r0, 0x3f	; 63
     626:	f8 94       	cli
     628:	de bf       	out	0x3e, r29	; 62
     62a:	0f be       	out	0x3f, r0	; 63
     62c:	cd bf       	out	0x3d, r28	; 61
/home/roman/.arduino15/packages/MightyCore/hardware/avr/3.0.1/cores/MCUdude_corefiles/Print.cpp:237
{
  char buf[8 * sizeof(long) + 1]; // Assumes 8-bit chars plus zero byte.
  char *str = &buf[sizeof(buf) - 1];

  *str = '\0';
     62e:	19 a2       	std	Y+33, r1	; 0x21
/home/roman/.arduino15/packages/MightyCore/hardware/avr/3.0.1/cores/MCUdude_corefiles/Print.cpp:240

  // prevent crash if called with base == 1
  if (base < 2) base = 10;
     630:	42 30       	cpi	r20, 0x02	; 2
     632:	08 f4       	brcc	.+2      	; 0x636 <Print::printNumber(unsigned long, unsigned char) [clone .constprop.11]+0x28>
     634:	4a e0       	ldi	r20, 0x0A	; 10
     636:	8e 01       	movw	r16, r28
     638:	0f 5d       	subi	r16, 0xDF	; 223
     63a:	1f 4f       	sbci	r17, 0xFF	; 255
/home/roman/.arduino15/packages/MightyCore/hardware/avr/3.0.1/cores/MCUdude_corefiles/Print.cpp:243

  do {
    char c = n % base;
     63c:	84 2e       	mov	r8, r20
     63e:	91 2c       	mov	r9, r1
     640:	b1 2c       	mov	r11, r1
     642:	a1 2c       	mov	r10, r1
     644:	a5 01       	movw	r20, r10
     646:	94 01       	movw	r18, r8
     648:	0e 94 a5 0a 	call	0x154a	; 0x154a <__udivmodsi4>
     64c:	e6 2f       	mov	r30, r22
/home/roman/.arduino15/packages/MightyCore/hardware/avr/3.0.1/cores/MCUdude_corefiles/Print.cpp:244
    n /= base;
     64e:	b9 01       	movw	r22, r18
     650:	ca 01       	movw	r24, r20
/home/roman/.arduino15/packages/MightyCore/hardware/avr/3.0.1/cores/MCUdude_corefiles/Print.cpp:246

    *--str = c < 10 ? c + '0' : c + 'A' - 10;
     652:	ea 30       	cpi	r30, 0x0A	; 10
     654:	f4 f4       	brge	.+60     	; 0x692 <Print::printNumber(unsigned long, unsigned char) [clone .constprop.11]+0x84>
     656:	e0 5d       	subi	r30, 0xD0	; 208
     658:	d8 01       	movw	r26, r16
     65a:	ee 93       	st	-X, r30
     65c:	8d 01       	movw	r16, r26
/home/roman/.arduino15/packages/MightyCore/hardware/avr/3.0.1/cores/MCUdude_corefiles/Print.cpp:247
  } while(n);
     65e:	23 2b       	or	r18, r19
     660:	24 2b       	or	r18, r20
     662:	25 2b       	or	r18, r21
     664:	79 f7       	brne	.-34     	; 0x644 <Print::printNumber(unsigned long, unsigned char) [clone .constprop.11]+0x36>
/home/roman/.arduino15/packages/MightyCore/hardware/avr/3.0.1/cores/MCUdude_corefiles/Print.h:53
    int getWriteError() { return write_error; }
    void clearWriteError() { setWriteError(0); }

    virtual size_t write(uint8_t) = 0;
    size_t write(const char *str) {
      if (str == NULL) return 0;
     666:	90 e0       	ldi	r25, 0x00	; 0
     668:	80 e0       	ldi	r24, 0x00	; 0
write():
     66a:	10 97       	sbiw	r26, 0x00	; 0
     66c:	19 f0       	breq	.+6      	; 0x674 <Print::printNumber(unsigned long, unsigned char) [clone .constprop.11]+0x66>
     66e:	cd 01       	movw	r24, r26
     670:	0e 94 fa 02 	call	0x5f4	; 0x5f4 <Print::write(char const*) [clone .part.2] [clone .constprop.16]>
_ZN5Print11printNumberEmh.constprop.11():
/home/roman/.arduino15/packages/MightyCore/hardware/avr/3.0.1/cores/MCUdude_corefiles/Print.cpp:250

  return write(str);
}
     674:	a1 96       	adiw	r28, 0x21	; 33
     676:	0f b6       	in	r0, 0x3f	; 63
     678:	f8 94       	cli
     67a:	de bf       	out	0x3e, r29	; 62
     67c:	0f be       	out	0x3f, r0	; 63
     67e:	cd bf       	out	0x3d, r28	; 61
     680:	df 91       	pop	r29
     682:	cf 91       	pop	r28
     684:	1f 91       	pop	r17
     686:	0f 91       	pop	r16
     688:	bf 90       	pop	r11
     68a:	af 90       	pop	r10
     68c:	9f 90       	pop	r9
     68e:	8f 90       	pop	r8
     690:	08 95       	ret
/home/roman/.arduino15/packages/MightyCore/hardware/avr/3.0.1/cores/MCUdude_corefiles/Print.cpp:246

  do {
    char c = n % base;
    n /= base;

    *--str = c < 10 ? c + '0' : c + 'A' - 10;
     692:	e9 5c       	subi	r30, 0xC9	; 201
     694:	e1 cf       	rjmp	.-62     	; 0x658 <Print::printNumber(unsigned long, unsigned char) [clone .constprop.11]+0x4a>

00000696 <Print::println(char const*) [clone .constprop.13]>:
_ZN5Print7printlnEPKc.constprop.13():
/home/roman/.arduino15/packages/MightyCore/hardware/avr/3.0.1/cores/MCUdude_corefiles/Print.cpp:138
  size_t n = print(s);
  n += println();
  return n;
}

size_t Print::println(const char c[])
     696:	cf 93       	push	r28
     698:	df 93       	push	r29
/home/roman/.arduino15/packages/MightyCore/hardware/avr/3.0.1/cores/MCUdude_corefiles/Print.h:53
     69a:	d0 e0       	ldi	r29, 0x00	; 0
     69c:	c0 e0       	ldi	r28, 0x00	; 0
write():
     69e:	00 97       	sbiw	r24, 0x00	; 0
     6a0:	19 f0       	breq	.+6      	; 0x6a8 <Print::println(char const*) [clone .constprop.13]+0x12>
     6a2:	0e 94 fa 02 	call	0x5f4	; 0x5f4 <Print::write(char const*) [clone .part.2] [clone .constprop.16]>
     6a6:	ec 01       	movw	r28, r24
     6a8:	86 e5       	ldi	r24, 0x56	; 86
     6aa:	91 e0       	ldi	r25, 0x01	; 1
     6ac:	0e 94 fa 02 	call	0x5f4	; 0x5f4 <Print::write(char const*) [clone .part.2] [clone .constprop.16]>
_ZN5Print7printlnEPKc.constprop.13():
/home/roman/.arduino15/packages/MightyCore/hardware/avr/3.0.1/cores/MCUdude_corefiles/Print.cpp:143
{
  size_t n = print(c);
  n += println();
  return n;
}
     6b0:	8c 0f       	add	r24, r28
     6b2:	9d 1f       	adc	r25, r29
     6b4:	df 91       	pop	r29
     6b6:	cf 91       	pop	r28
     6b8:	08 95       	ret

000006ba <Print::printFloat(double, unsigned char) [clone .constprop.5]>:
_ZN5Print10printFloatEdh.constprop.5():
/home/roman/.arduino15/packages/MightyCore/hardware/avr/3.0.1/cores/MCUdude_corefiles/Print.cpp:252
  } while(n);

  return write(str);
}

size_t Print::printFloat(double number, uint8_t digits) 
     6ba:	4f 92       	push	r4
     6bc:	5f 92       	push	r5
     6be:	6f 92       	push	r6
     6c0:	7f 92       	push	r7
     6c2:	8f 92       	push	r8
     6c4:	9f 92       	push	r9
     6c6:	af 92       	push	r10
     6c8:	bf 92       	push	r11
     6ca:	cf 92       	push	r12
     6cc:	df 92       	push	r13
     6ce:	ef 92       	push	r14
     6d0:	ff 92       	push	r15
     6d2:	0f 93       	push	r16
     6d4:	1f 93       	push	r17
     6d6:	cf 93       	push	r28
     6d8:	6b 01       	movw	r12, r22
     6da:	7c 01       	movw	r14, r24
     6dc:	74 2e       	mov	r7, r20
/home/roman/.arduino15/packages/MightyCore/hardware/avr/3.0.1/cores/MCUdude_corefiles/Print.cpp:256
{ 
  size_t n = 0;
  
  if (isnan(number)) return print("nan");
     6de:	ac 01       	movw	r20, r24
     6e0:	9b 01       	movw	r18, r22
     6e2:	0e 94 a0 0a 	call	0x1540	; 0x1540 <__unordsf2>
     6e6:	88 23       	and	r24, r24
     6e8:	99 f0       	breq	.+38     	; 0x710 <Print::printFloat(double, unsigned char) [clone .constprop.5]+0x56>
write():
     6ea:	89 e5       	ldi	r24, 0x59	; 89
     6ec:	91 e0       	ldi	r25, 0x01	; 1
_ZN5Print10printFloatEdh.constprop.5():
/home/roman/.arduino15/packages/MightyCore/hardware/avr/3.0.1/cores/MCUdude_corefiles/Print.cpp:295
    n += print(toPrint);
    remainder -= toPrint; 
  } 
  
  return n;
}
     6ee:	cf 91       	pop	r28
     6f0:	1f 91       	pop	r17
     6f2:	0f 91       	pop	r16
     6f4:	ff 90       	pop	r15
     6f6:	ef 90       	pop	r14
     6f8:	df 90       	pop	r13
     6fa:	cf 90       	pop	r12
     6fc:	bf 90       	pop	r11
     6fe:	af 90       	pop	r10
     700:	9f 90       	pop	r9
     702:	8f 90       	pop	r8
     704:	7f 90       	pop	r7
     706:	6f 90       	pop	r6
     708:	5f 90       	pop	r5
     70a:	4f 90       	pop	r4
write():
     70c:	0c 94 fa 02 	jmp	0x5f4	; 0x5f4 <Print::write(char const*) [clone .part.2] [clone .constprop.16]>
_ZN5Print10printFloatEdh.constprop.5():
/home/roman/.arduino15/packages/MightyCore/hardware/avr/3.0.1/cores/MCUdude_corefiles/Print.cpp:257
size_t Print::printFloat(double number, uint8_t digits) 
{ 
  size_t n = 0;
  
  if (isnan(number)) return print("nan");
  if (isinf(number)) return print("inf");
     710:	46 01       	movw	r8, r12
     712:	57 01       	movw	r10, r14
     714:	e8 94       	clt
     716:	b7 f8       	bld	r11, 7
     718:	2f ef       	ldi	r18, 0xFF	; 255
     71a:	3f ef       	ldi	r19, 0xFF	; 255
     71c:	4f e7       	ldi	r20, 0x7F	; 127
     71e:	5f e7       	ldi	r21, 0x7F	; 127
     720:	c5 01       	movw	r24, r10
     722:	b4 01       	movw	r22, r8
     724:	0e 94 a0 0a 	call	0x1540	; 0x1540 <__unordsf2>
     728:	81 11       	cpse	r24, r1
     72a:	0d c0       	rjmp	.+26     	; 0x746 <Print::printFloat(double, unsigned char) [clone .constprop.5]+0x8c>
     72c:	2f ef       	ldi	r18, 0xFF	; 255
     72e:	3f ef       	ldi	r19, 0xFF	; 255
     730:	4f e7       	ldi	r20, 0x7F	; 127
     732:	5f e7       	ldi	r21, 0x7F	; 127
     734:	c5 01       	movw	r24, r10
     736:	b4 01       	movw	r22, r8
     738:	0e 94 d6 08 	call	0x11ac	; 0x11ac <__cmpsf2>
     73c:	18 16       	cp	r1, r24
     73e:	1c f4       	brge	.+6      	; 0x746 <Print::printFloat(double, unsigned char) [clone .constprop.5]+0x8c>
write():
     740:	8d e5       	ldi	r24, 0x5D	; 93
     742:	91 e0       	ldi	r25, 0x01	; 1
     744:	d4 cf       	rjmp	.-88     	; 0x6ee <Print::printFloat(double, unsigned char) [clone .constprop.5]+0x34>
_ZN5Print10printFloatEdh.constprop.5():
/home/roman/.arduino15/packages/MightyCore/hardware/avr/3.0.1/cores/MCUdude_corefiles/Print.cpp:258
  if (number > 4294967040.0) return print ("ovf");  // constant determined empirically
     746:	2f ef       	ldi	r18, 0xFF	; 255
     748:	3f ef       	ldi	r19, 0xFF	; 255
     74a:	4f e7       	ldi	r20, 0x7F	; 127
     74c:	5f e4       	ldi	r21, 0x4F	; 79
     74e:	c7 01       	movw	r24, r14
     750:	b6 01       	movw	r22, r12
     752:	0e 94 2e 0a 	call	0x145c	; 0x145c <__gesf2>
     756:	18 16       	cp	r1, r24
     758:	1c f4       	brge	.+6      	; 0x760 <Print::printFloat(double, unsigned char) [clone .constprop.5]+0xa6>
write():
     75a:	81 e6       	ldi	r24, 0x61	; 97
     75c:	91 e0       	ldi	r25, 0x01	; 1
     75e:	c7 cf       	rjmp	.-114    	; 0x6ee <Print::printFloat(double, unsigned char) [clone .constprop.5]+0x34>
_ZN5Print10printFloatEdh.constprop.5():
/home/roman/.arduino15/packages/MightyCore/hardware/avr/3.0.1/cores/MCUdude_corefiles/Print.cpp:259
  if (number <-4294967040.0) return print ("ovf");  // constant determined empirically
     760:	2f ef       	ldi	r18, 0xFF	; 255
     762:	3f ef       	ldi	r19, 0xFF	; 255
     764:	4f e7       	ldi	r20, 0x7F	; 127
     766:	5f ec       	ldi	r21, 0xCF	; 207
     768:	c7 01       	movw	r24, r14
     76a:	b6 01       	movw	r22, r12
     76c:	0e 94 d6 08 	call	0x11ac	; 0x11ac <__cmpsf2>
     770:	87 fd       	sbrc	r24, 7
     772:	f3 cf       	rjmp	.-26     	; 0x75a <Print::printFloat(double, unsigned char) [clone .constprop.5]+0xa0>
/home/roman/.arduino15/packages/MightyCore/hardware/avr/3.0.1/cores/MCUdude_corefiles/Print.cpp:262
  
  // Handle negative numbers
  if (number < 0.0)
     774:	20 e0       	ldi	r18, 0x00	; 0
     776:	30 e0       	ldi	r19, 0x00	; 0
     778:	a9 01       	movw	r20, r18
     77a:	c7 01       	movw	r24, r14
     77c:	b6 01       	movw	r22, r12
     77e:	0e 94 d6 08 	call	0x11ac	; 0x11ac <__cmpsf2>
/home/roman/.arduino15/packages/MightyCore/hardware/avr/3.0.1/cores/MCUdude_corefiles/Print.cpp:254
  return write(str);
}

size_t Print::printFloat(double number, uint8_t digits) 
{ 
  size_t n = 0;
     782:	10 e0       	ldi	r17, 0x00	; 0
     784:	00 e0       	ldi	r16, 0x00	; 0
/home/roman/.arduino15/packages/MightyCore/hardware/avr/3.0.1/cores/MCUdude_corefiles/Print.cpp:262
  if (isinf(number)) return print("inf");
  if (number > 4294967040.0) return print ("ovf");  // constant determined empirically
  if (number <-4294967040.0) return print ("ovf");  // constant determined empirically
  
  // Handle negative numbers
  if (number < 0.0)
     786:	87 ff       	sbrs	r24, 7
     788:	0a c0       	rjmp	.+20     	; 0x79e <Print::printFloat(double, unsigned char) [clone .constprop.5]+0xe4>
print():
/home/roman/.arduino15/packages/MightyCore/hardware/avr/3.0.1/cores/MCUdude_corefiles/Print.cpp:69
  return write(str);
}

size_t Print::print(char c)
{
  return write(c);
     78a:	6d e2       	ldi	r22, 0x2D	; 45
     78c:	8d ea       	ldi	r24, 0xAD	; 173
     78e:	94 e0       	ldi	r25, 0x04	; 4
     790:	0e 94 bc 01 	call	0x378	; 0x378 <HardwareSerial::write(unsigned char)>
     794:	8c 01       	movw	r16, r24
_ZN5Print10printFloatEdh.constprop.5():
/home/roman/.arduino15/packages/MightyCore/hardware/avr/3.0.1/cores/MCUdude_corefiles/Print.cpp:265
  
  // Handle negative numbers
  if (number < 0.0)
  {
     n += print('-');
     number = -number;
     796:	f7 fa       	bst	r15, 7
     798:	f0 94       	com	r15
     79a:	f7 f8       	bld	r15, 7
     79c:	f0 94       	com	r15
/home/roman/.arduino15/packages/MightyCore/hardware/avr/3.0.1/cores/MCUdude_corefiles/Print.cpp:270
  }

  // Round correctly so that print(1.999, 2) prints as "2.00"
  double rounding = 0.5;
  for (uint8_t i=0; i<digits; ++i)
     79e:	c0 e0       	ldi	r28, 0x00	; 0
/home/roman/.arduino15/packages/MightyCore/hardware/avr/3.0.1/cores/MCUdude_corefiles/Print.cpp:269
     n += print('-');
     number = -number;
  }

  // Round correctly so that print(1.999, 2) prints as "2.00"
  double rounding = 0.5;
     7a0:	60 e0       	ldi	r22, 0x00	; 0
     7a2:	70 e0       	ldi	r23, 0x00	; 0
     7a4:	80 e0       	ldi	r24, 0x00	; 0
     7a6:	9f e3       	ldi	r25, 0x3F	; 63
/home/roman/.arduino15/packages/MightyCore/hardware/avr/3.0.1/cores/MCUdude_corefiles/Print.cpp:270
  for (uint8_t i=0; i<digits; ++i)
     7a8:	7c 16       	cp	r7, r28
     7aa:	41 f0       	breq	.+16     	; 0x7bc <Print::printFloat(double, unsigned char) [clone .constprop.5]+0x102>
/home/roman/.arduino15/packages/MightyCore/hardware/avr/3.0.1/cores/MCUdude_corefiles/Print.cpp:271
    rounding /= 10.0;
     7ac:	20 e0       	ldi	r18, 0x00	; 0
     7ae:	30 e0       	ldi	r19, 0x00	; 0
     7b0:	40 e2       	ldi	r20, 0x20	; 32
     7b2:	51 e4       	ldi	r21, 0x41	; 65
     7b4:	0e 94 db 08 	call	0x11b6	; 0x11b6 <__divsf3>
/home/roman/.arduino15/packages/MightyCore/hardware/avr/3.0.1/cores/MCUdude_corefiles/Print.cpp:270
     number = -number;
  }

  // Round correctly so that print(1.999, 2) prints as "2.00"
  double rounding = 0.5;
  for (uint8_t i=0; i<digits; ++i)
     7b8:	cf 5f       	subi	r28, 0xFF	; 255
     7ba:	f6 cf       	rjmp	.-20     	; 0x7a8 <Print::printFloat(double, unsigned char) [clone .constprop.5]+0xee>
/home/roman/.arduino15/packages/MightyCore/hardware/avr/3.0.1/cores/MCUdude_corefiles/Print.cpp:273
    rounding /= 10.0;
  
  number += rounding;
     7bc:	a7 01       	movw	r20, r14
     7be:	96 01       	movw	r18, r12
     7c0:	0e 94 6a 08 	call	0x10d4	; 0x10d4 <__addsf3>
     7c4:	2b 01       	movw	r4, r22
     7c6:	3c 01       	movw	r6, r24
/home/roman/.arduino15/packages/MightyCore/hardware/avr/3.0.1/cores/MCUdude_corefiles/Print.cpp:276

  // Extract the integer part of the number and print it
  unsigned long int_part = (unsigned long)number;
     7c8:	0e 94 4d 09 	call	0x129a	; 0x129a <__fixunssfsi>
     7cc:	4b 01       	movw	r8, r22
     7ce:	5c 01       	movw	r10, r24
print():
/home/roman/.arduino15/packages/MightyCore/hardware/avr/3.0.1/cores/MCUdude_corefiles/Print.cpp:106
}

size_t Print::print(unsigned long n, int base)
{
  if (base == 0) return write(n);
  else return printNumber(n, base);
     7d0:	4a e0       	ldi	r20, 0x0A	; 10
     7d2:	0e 94 07 03 	call	0x60e	; 0x60e <Print::printNumber(unsigned long, unsigned char) [clone .constprop.11]>
_ZN5Print10printFloatEdh.constprop.5():
/home/roman/.arduino15/packages/MightyCore/hardware/avr/3.0.1/cores/MCUdude_corefiles/Print.cpp:278
  number += rounding;

  // Extract the integer part of the number and print it
  unsigned long int_part = (unsigned long)number;
  double remainder = number - (double)int_part;
  n += print(int_part);
     7d6:	7c 01       	movw	r14, r24
     7d8:	e0 0e       	add	r14, r16
     7da:	f1 1e       	adc	r15, r17
/home/roman/.arduino15/packages/MightyCore/hardware/avr/3.0.1/cores/MCUdude_corefiles/Print.cpp:281

  // Print the decimal point, but only if there are digits beyond
  if (digits > 0) {
     7dc:	cc 23       	and	r28, r28
     7de:	c1 f1       	breq	.+112    	; 0x850 <Print::printFloat(double, unsigned char) [clone .constprop.5]+0x196>
/home/roman/.arduino15/packages/MightyCore/hardware/avr/3.0.1/cores/MCUdude_corefiles/Print.cpp:277
  
  number += rounding;

  // Extract the integer part of the number and print it
  unsigned long int_part = (unsigned long)number;
  double remainder = number - (double)int_part;
     7e0:	c5 01       	movw	r24, r10
     7e2:	b4 01       	movw	r22, r8
     7e4:	0e 94 7c 09 	call	0x12f8	; 0x12f8 <__floatunsisf>
     7e8:	9b 01       	movw	r18, r22
     7ea:	ac 01       	movw	r20, r24
     7ec:	c3 01       	movw	r24, r6
     7ee:	b2 01       	movw	r22, r4
     7f0:	0e 94 69 08 	call	0x10d2	; 0x10d2 <__subsf3>
     7f4:	4b 01       	movw	r8, r22
     7f6:	5c 01       	movw	r10, r24
print():
/home/roman/.arduino15/packages/MightyCore/hardware/avr/3.0.1/cores/MCUdude_corefiles/Print.cpp:69
  return write(str);
}

size_t Print::print(char c)
{
  return write(c);
     7f8:	6e e2       	ldi	r22, 0x2E	; 46
     7fa:	8d ea       	ldi	r24, 0xAD	; 173
     7fc:	94 e0       	ldi	r25, 0x04	; 4
     7fe:	0e 94 bc 01 	call	0x378	; 0x378 <HardwareSerial::write(unsigned char)>
_ZN5Print10printFloatEdh.constprop.5():
/home/roman/.arduino15/packages/MightyCore/hardware/avr/3.0.1/cores/MCUdude_corefiles/Print.cpp:282
  double remainder = number - (double)int_part;
  n += print(int_part);

  // Print the decimal point, but only if there are digits beyond
  if (digits > 0) {
    n += print('.'); 
     802:	e8 0e       	add	r14, r24
     804:	f9 1e       	adc	r15, r25
/home/roman/.arduino15/packages/MightyCore/hardware/avr/3.0.1/cores/MCUdude_corefiles/Print.cpp:286
  }

  // Extract digits from the remainder one at a time
  while (digits-- > 0)
     806:	c1 50       	subi	r28, 0x01	; 1
     808:	18 f1       	brcs	.+70     	; 0x850 <Print::printFloat(double, unsigned char) [clone .constprop.5]+0x196>
/home/roman/.arduino15/packages/MightyCore/hardware/avr/3.0.1/cores/MCUdude_corefiles/Print.cpp:288
  {
    remainder *= 10.0;
     80a:	20 e0       	ldi	r18, 0x00	; 0
     80c:	30 e0       	ldi	r19, 0x00	; 0
     80e:	40 e2       	ldi	r20, 0x20	; 32
     810:	51 e4       	ldi	r21, 0x41	; 65
     812:	c5 01       	movw	r24, r10
     814:	b4 01       	movw	r22, r8
     816:	0e 94 33 0a 	call	0x1466	; 0x1466 <__mulsf3>
     81a:	2b 01       	movw	r4, r22
     81c:	3c 01       	movw	r6, r24
/home/roman/.arduino15/packages/MightyCore/hardware/avr/3.0.1/cores/MCUdude_corefiles/Print.cpp:289
    unsigned int toPrint = (unsigned int)(remainder);
     81e:	0e 94 4d 09 	call	0x129a	; 0x129a <__fixunssfsi>
print():
/home/roman/.arduino15/packages/MightyCore/hardware/avr/3.0.1/cores/MCUdude_corefiles/Print.cpp:84
  return print((long) n, base);
}

size_t Print::print(unsigned int n, int base)
{
  return print((unsigned long) n, base);
     822:	4b 01       	movw	r8, r22
     824:	b1 2c       	mov	r11, r1
     826:	a1 2c       	mov	r10, r1
/home/roman/.arduino15/packages/MightyCore/hardware/avr/3.0.1/cores/MCUdude_corefiles/Print.cpp:106
}

size_t Print::print(unsigned long n, int base)
{
  if (base == 0) return write(n);
  else return printNumber(n, base);
     828:	4a e0       	ldi	r20, 0x0A	; 10
     82a:	c5 01       	movw	r24, r10
     82c:	b4 01       	movw	r22, r8
     82e:	0e 94 07 03 	call	0x60e	; 0x60e <Print::printNumber(unsigned long, unsigned char) [clone .constprop.11]>
_ZN5Print10printFloatEdh.constprop.5():
/home/roman/.arduino15/packages/MightyCore/hardware/avr/3.0.1/cores/MCUdude_corefiles/Print.cpp:290
  // Extract digits from the remainder one at a time
  while (digits-- > 0)
  {
    remainder *= 10.0;
    unsigned int toPrint = (unsigned int)(remainder);
    n += print(toPrint);
     832:	e8 0e       	add	r14, r24
     834:	f9 1e       	adc	r15, r25
/home/roman/.arduino15/packages/MightyCore/hardware/avr/3.0.1/cores/MCUdude_corefiles/Print.cpp:291
    remainder -= toPrint; 
     836:	c5 01       	movw	r24, r10
     838:	b4 01       	movw	r22, r8
     83a:	0e 94 7c 09 	call	0x12f8	; 0x12f8 <__floatunsisf>
     83e:	9b 01       	movw	r18, r22
     840:	ac 01       	movw	r20, r24
     842:	c3 01       	movw	r24, r6
     844:	b2 01       	movw	r22, r4
     846:	0e 94 69 08 	call	0x10d2	; 0x10d2 <__subsf3>
     84a:	4b 01       	movw	r8, r22
     84c:	5c 01       	movw	r10, r24
     84e:	db cf       	rjmp	.-74     	; 0x806 <Print::printFloat(double, unsigned char) [clone .constprop.5]+0x14c>
/home/roman/.arduino15/packages/MightyCore/hardware/avr/3.0.1/cores/MCUdude_corefiles/Print.cpp:295
  } 
  
  return n;
}
     850:	c7 01       	movw	r24, r14
     852:	cf 91       	pop	r28
     854:	1f 91       	pop	r17
     856:	0f 91       	pop	r16
     858:	ff 90       	pop	r15
     85a:	ef 90       	pop	r14
     85c:	df 90       	pop	r13
     85e:	cf 90       	pop	r12
     860:	bf 90       	pop	r11
     862:	af 90       	pop	r10
     864:	9f 90       	pop	r9
     866:	8f 90       	pop	r8
     868:	7f 90       	pop	r7
     86a:	6f 90       	pop	r6
     86c:	5f 90       	pop	r5
     86e:	4f 90       	pop	r4
     870:	08 95       	ret

00000872 <read32(int)>:
_Z6read32i():
/home/roman/repos/ust/THUNDERMILL01/fw/arduino/src/thundermill_fast_output_prototype_02/thundermill_fast_output_prototype_02.ino:78
  Serial.println("------");
  delay(1000);
}

unsigned long read32(int reg_addr)
{
     872:	cf 92       	push	r12
     874:	df 92       	push	r13
     876:	ef 92       	push	r14
     878:	ff 92       	push	r15
     87a:	0f 93       	push	r16
     87c:	1f 93       	push	r17
     87e:	cf 93       	push	r28
     880:	df 93       	push	r29
     882:	00 d0       	rcall	.+0      	; 0x884 <read32(int)+0x12>
     884:	1f 92       	push	r1
     886:	cd b7       	in	r28, 0x3d	; 61
     888:	de b7       	in	r29, 0x3e	; 62
/home/roman/repos/ust/THUNDERMILL01/fw/arduino/src/thundermill_fast_output_prototype_02/thundermill_fast_output_prototype_02.ino:81
  byte reg_addr_H = (reg_addr & 0x0F00) >> 8;
  byte reg_addr_L = (reg_addr & 0xFF);
  const byte control_word[] = {0x90, reg_addr_H, reg_addr_L};
     88a:	20 e9       	ldi	r18, 0x90	; 144
     88c:	29 83       	std	Y+1, r18	; 0x01
/home/roman/repos/ust/THUNDERMILL01/fw/arduino/src/thundermill_fast_output_prototype_02/thundermill_fast_output_prototype_02.ino:79
  delay(1000);
}

unsigned long read32(int reg_addr)
{
  byte reg_addr_H = (reg_addr & 0x0F00) >> 8;
     88e:	9a 83       	std	Y+2, r25	; 0x02
/home/roman/repos/ust/THUNDERMILL01/fw/arduino/src/thundermill_fast_output_prototype_02/thundermill_fast_output_prototype_02.ino:80
  byte reg_addr_L = (reg_addr & 0xFF);
     890:	8b 83       	std	Y+3, r24	; 0x03
beginTransmission():
/home/roman/.arduino15/packages/MightyCore/hardware/avr/3.0.1/libraries/Wire/src/Wire.cpp:196
}

void TwoWire::beginTransmission(uint8_t address)
{
  // indicate that we are transmitting
  transmitting = 1;
     892:	81 e0       	ldi	r24, 0x01	; 1
     894:	80 93 2f 04 	sts	0x042F, r24	; 0x80042f <TwoWire::transmitting>
/home/roman/.arduino15/packages/MightyCore/hardware/avr/3.0.1/libraries/Wire/src/Wire.cpp:198
  // set address of targeted slave
  txAddress = address;
     898:	80 93 0e 04 	sts	0x040E, r24	; 0x80040e <TwoWire::txAddress>
/home/roman/.arduino15/packages/MightyCore/hardware/avr/3.0.1/libraries/Wire/src/Wire.cpp:200
  // reset tx buffer iterator vars
  txBufferIndex = 0;
     89c:	10 92 a1 04 	sts	0x04A1, r1	; 0x8004a1 <TwoWire::txBufferIndex>
/home/roman/.arduino15/packages/MightyCore/hardware/avr/3.0.1/libraries/Wire/src/Wire.cpp:201
  txBufferLength = 0;
     8a0:	10 92 a0 04 	sts	0x04A0, r1	; 0x8004a0 <TwoWire::txBufferLength>
_Z6read32i():
/home/roman/repos/ust/THUNDERMILL01/fw/arduino/src/thundermill_fast_output_prototype_02/thundermill_fast_output_prototype_02.ino:84
  const byte control_word[] = {0x90, reg_addr_H, reg_addr_L};

  Wire.beginTransmission(0x01);
  Wire.write(control_word, 3);
     8a4:	43 e0       	ldi	r20, 0x03	; 3
     8a6:	50 e0       	ldi	r21, 0x00	; 0
     8a8:	be 01       	movw	r22, r28
     8aa:	6f 5f       	subi	r22, 0xFF	; 255
     8ac:	7f 4f       	sbci	r23, 0xFF	; 255
     8ae:	8a e4       	ldi	r24, 0x4A	; 74
     8b0:	95 e0       	ldi	r25, 0x05	; 5
     8b2:	0e 94 9b 02 	call	0x536	; 0x536 <TwoWire::write(unsigned char const*, unsigned int)>
endTransmission():
/home/roman/.arduino15/packages/MightyCore/hardware/avr/3.0.1/libraries/Wire/src/Wire.cpp:225
//  devices will behave oddly if they do not see a STOP.
//
uint8_t TwoWire::endTransmission(uint8_t sendStop)
{
  // transmit buffer (blocking)
  uint8_t ret = twi_writeTo(txAddress, txBuffer, txBufferLength, 1, sendStop);
     8b6:	90 91 a0 04 	lds	r25, 0x04A0	; 0x8004a0 <TwoWire::txBufferLength>
twi_writeTo():
/home/roman/.arduino15/packages/MightyCore/hardware/avr/3.0.1/libraries/Wire/src/utility/twi.c:268
 *          5 .. timeout
 */
uint8_t twi_writeTo(uint8_t address, uint8_t* data, uint8_t length, uint8_t wait, uint8_t sendStop)
{
  // ensure data will fit into buffer
  if(TWI_BUFFER_SIZE < length){
     8ba:	91 32       	cpi	r25, 0x21	; 33
     8bc:	08 f0       	brcs	.+2      	; 0x8c0 <read32(int)+0x4e>
     8be:	41 c0       	rjmp	.+130    	; 0x942 <read32(int)+0xd0>
/home/roman/.arduino15/packages/MightyCore/hardware/avr/3.0.1/libraries/Wire/src/utility/twi.c:282
        twi_handleTimeout(twi_do_reset_on_timeout);
        return (5);
      }
    }
  #else
    while(TWI_READY != twi_state){
     8c0:	80 91 9f 04 	lds	r24, 0x049F	; 0x80049f <twi_state>
     8c4:	81 11       	cpse	r24, r1
     8c6:	fc cf       	rjmp	.-8      	; 0x8c0 <read32(int)+0x4e>
endTransmission():
/home/roman/.arduino15/packages/MightyCore/hardware/avr/3.0.1/libraries/Wire/src/Wire.cpp:225
     8c8:	80 91 0e 04 	lds	r24, 0x040E	; 0x80040e <TwoWire::txAddress>
twi_writeTo():
/home/roman/.arduino15/packages/MightyCore/hardware/avr/3.0.1/libraries/Wire/src/utility/twi.c:287
      continue;
    }
  #endif

  twi_state = TWI_MTX;
     8cc:	22 e0       	ldi	r18, 0x02	; 2
     8ce:	20 93 9f 04 	sts	0x049F, r18	; 0x80049f <twi_state>
/home/roman/.arduino15/packages/MightyCore/hardware/avr/3.0.1/libraries/Wire/src/utility/twi.c:288
  twi_sendStop = sendStop;
     8d2:	21 e0       	ldi	r18, 0x01	; 1
     8d4:	20 93 9e 04 	sts	0x049E, r18	; 0x80049e <twi_sendStop>
/home/roman/.arduino15/packages/MightyCore/hardware/avr/3.0.1/libraries/Wire/src/utility/twi.c:290
  // reset error state (0xFF.. no error occurred)
  twi_error = 0xFF;
     8d8:	2f ef       	ldi	r18, 0xFF	; 255
     8da:	20 93 93 04 	sts	0x0493, r18	; 0x800493 <twi_error>
/home/roman/.arduino15/packages/MightyCore/hardware/avr/3.0.1/libraries/Wire/src/utility/twi.c:293

  // initialize buffer iteration vars
  twi_masterBuffer = data;
     8de:	2f e0       	ldi	r18, 0x0F	; 15
     8e0:	34 e0       	ldi	r19, 0x04	; 4
     8e2:	30 93 95 04 	sts	0x0495, r19	; 0x800495 <twi_masterBuffer+0x1>
     8e6:	20 93 94 04 	sts	0x0494, r18	; 0x800494 <twi_masterBuffer>
/home/roman/.arduino15/packages/MightyCore/hardware/avr/3.0.1/libraries/Wire/src/utility/twi.c:294
  twi_masterBufferIndex = 0;
     8ea:	10 92 97 04 	sts	0x0497, r1	; 0x800497 <twi_masterBufferIndex>
/home/roman/.arduino15/packages/MightyCore/hardware/avr/3.0.1/libraries/Wire/src/utility/twi.c:295
  twi_masterBufferLength = length;
     8ee:	90 93 96 04 	sts	0x0496, r25	; 0x800496 <twi_masterBufferLength>
/home/roman/.arduino15/packages/MightyCore/hardware/avr/3.0.1/libraries/Wire/src/utility/twi.c:298

  // build sla+w, slave device address + w bit
  twi_slarw = TW_WRITE;
     8f2:	10 92 98 04 	sts	0x0498, r1	; 0x800498 <twi_slarw>
/home/roman/.arduino15/packages/MightyCore/hardware/avr/3.0.1/libraries/Wire/src/utility/twi.c:299
  twi_slarw |= address << 1;
     8f6:	90 91 98 04 	lds	r25, 0x0498	; 0x800498 <twi_slarw>
     8fa:	88 0f       	add	r24, r24
     8fc:	89 2b       	or	r24, r25
     8fe:	80 93 98 04 	sts	0x0498, r24	; 0x800498 <twi_slarw>
/home/roman/.arduino15/packages/MightyCore/hardware/avr/3.0.1/libraries/Wire/src/utility/twi.c:304

  // if we're in a repeated start, then we've already sent the START
  // in the ISR. Don't do it again.
  //
  if (true == twi_inRepStart) {
     902:	80 91 9d 04 	lds	r24, 0x049D	; 0x80049d <twi_inRepStart>
     906:	81 30       	cpi	r24, 0x01	; 1
     908:	09 f0       	breq	.+2      	; 0x90c <read32(int)+0x9a>
     90a:	8b c0       	rjmp	.+278    	; 0xa22 <read32(int)+0x1b0>
/home/roman/.arduino15/packages/MightyCore/hardware/avr/3.0.1/libraries/Wire/src/utility/twi.c:311
    // (@@@ we hope), and the TWI statemachine is just waiting for the address byte.
    // We need to remove ourselves from the repeated start state before we enable interrupts,
    // since the ISR is ASYNC, and we could get confused if we hit the ISR before cleaning
    // up. Also, don't enable the START interrupt. There may be one pending from the 
    // repeated start that we sent ourselves, and that would really confuse things.
    twi_inRepStart = false; // Remember, we're dealing with an ASYNC ISR
     90c:	10 92 9d 04 	sts	0x049D, r1	; 0x80049d <twi_inRepStart>
/home/roman/.arduino15/packages/MightyCore/hardware/avr/3.0.1/libraries/Wire/src/utility/twi.c:322
          return (5);
        }
      } while(TWCR & _BV(TWWC));
    #else
      do {
        TWDR = twi_slarw;
     910:	80 91 98 04 	lds	r24, 0x0498	; 0x800498 <twi_slarw>
     914:	80 93 bb 00 	sts	0x00BB, r24	; 0x8000bb <__TEXT_REGION_LENGTH__+0x7e00bb>
/home/roman/.arduino15/packages/MightyCore/hardware/avr/3.0.1/libraries/Wire/src/utility/twi.c:323
      } while(TWCR & _BV(TWWC));
     918:	80 91 bc 00 	lds	r24, 0x00BC	; 0x8000bc <__TEXT_REGION_LENGTH__+0x7e00bc>
     91c:	83 fd       	sbrc	r24, 3
     91e:	f8 cf       	rjmp	.-16     	; 0x910 <read32(int)+0x9e>
/home/roman/.arduino15/packages/MightyCore/hardware/avr/3.0.1/libraries/Wire/src/utility/twi.c:325
    #endif
    TWCR = _BV(TWINT) | _BV(TWEA) | _BV(TWEN) | _BV(TWIE);  // enable INTs, but not START
     920:	85 ec       	ldi	r24, 0xC5	; 197
/home/roman/.arduino15/packages/MightyCore/hardware/avr/3.0.1/libraries/Wire/src/utility/twi.c:329
  }
  else
    // send start condition
    TWCR = _BV(TWINT) | _BV(TWEA) | _BV(TWEN) | _BV(TWIE) | _BV(TWSTA); // enable INTs
     922:	80 93 bc 00 	sts	0x00BC, r24	; 0x8000bc <__TEXT_REGION_LENGTH__+0x7e00bc>
/home/roman/.arduino15/packages/MightyCore/hardware/avr/3.0.1/libraries/Wire/src/utility/twi.c:341
        twi_handleTimeout(twi_do_reset_on_timeout);
        return (5);
      }
    }
  #else
    while(wait && (TWI_MTX == twi_state)){
     926:	80 91 9f 04 	lds	r24, 0x049F	; 0x80049f <twi_state>
     92a:	82 30       	cpi	r24, 0x02	; 2
     92c:	e1 f3       	breq	.-8      	; 0x926 <read32(int)+0xb4>
/home/roman/.arduino15/packages/MightyCore/hardware/avr/3.0.1/libraries/Wire/src/utility/twi.c:346
      continue;
    }
  #endif

  if (twi_error == 0xFF)
     92e:	80 91 93 04 	lds	r24, 0x0493	; 0x800493 <twi_error>
     932:	8f 3f       	cpi	r24, 0xFF	; 255
     934:	31 f0       	breq	.+12     	; 0x942 <read32(int)+0xd0>
/home/roman/.arduino15/packages/MightyCore/hardware/avr/3.0.1/libraries/Wire/src/utility/twi.c:348
    return 0; // success
  else if (twi_error == TW_MT_SLA_NACK)
     936:	80 91 93 04 	lds	r24, 0x0493	; 0x800493 <twi_error>
     93a:	80 32       	cpi	r24, 0x20	; 32
     93c:	11 f0       	breq	.+4      	; 0x942 <read32(int)+0xd0>
/home/roman/.arduino15/packages/MightyCore/hardware/avr/3.0.1/libraries/Wire/src/utility/twi.c:350
    return 2; // error: address send, nack received
  else if (twi_error == TW_MT_DATA_NACK)
     93e:	80 91 93 04 	lds	r24, 0x0493	; 0x800493 <twi_error>
endTransmission():
/home/roman/.arduino15/packages/MightyCore/hardware/avr/3.0.1/libraries/Wire/src/Wire.cpp:227
  // reset tx buffer iterator vars
  txBufferIndex = 0;
     942:	10 92 a1 04 	sts	0x04A1, r1	; 0x8004a1 <TwoWire::txBufferIndex>
/home/roman/.arduino15/packages/MightyCore/hardware/avr/3.0.1/libraries/Wire/src/Wire.cpp:228
  txBufferLength = 0;
     946:	10 92 a0 04 	sts	0x04A0, r1	; 0x8004a0 <TwoWire::txBufferLength>
/home/roman/.arduino15/packages/MightyCore/hardware/avr/3.0.1/libraries/Wire/src/Wire.cpp:230
  // indicate that we are done transmitting
  transmitting = 0;
     94a:	10 92 2f 04 	sts	0x042F, r1	; 0x80042f <TwoWire::transmitting>
twi_readFrom():
/home/roman/.arduino15/packages/MightyCore/hardware/avr/3.0.1/libraries/Wire/src/utility/twi.c:177
        twi_handleTimeout(twi_do_reset_on_timeout);
        return 0;
      }
    }
  #else
    while(TWI_READY != twi_state){
     94e:	80 91 9f 04 	lds	r24, 0x049F	; 0x80049f <twi_state>
     952:	81 11       	cpse	r24, r1
     954:	fc cf       	rjmp	.-8      	; 0x94e <read32(int)+0xdc>
/home/roman/.arduino15/packages/MightyCore/hardware/avr/3.0.1/libraries/Wire/src/utility/twi.c:181
      continue;
    }
  #endif
  twi_state = TWI_MRX;
     956:	81 e0       	ldi	r24, 0x01	; 1
     958:	80 93 9f 04 	sts	0x049F, r24	; 0x80049f <twi_state>
/home/roman/.arduino15/packages/MightyCore/hardware/avr/3.0.1/libraries/Wire/src/utility/twi.c:182
  twi_sendStop = sendStop;
     95c:	80 93 9e 04 	sts	0x049E, r24	; 0x80049e <twi_sendStop>
/home/roman/.arduino15/packages/MightyCore/hardware/avr/3.0.1/libraries/Wire/src/utility/twi.c:184
  // reset error state (0xFF.. no error occurred)
  twi_error = 0xFF;
     960:	9f ef       	ldi	r25, 0xFF	; 255
     962:	90 93 93 04 	sts	0x0493, r25	; 0x800493 <twi_error>
/home/roman/.arduino15/packages/MightyCore/hardware/avr/3.0.1/libraries/Wire/src/utility/twi.c:187

  // initialize buffer iteration vars
  twi_masterBuffer = data;
     966:	20 e3       	ldi	r18, 0x30	; 48
     968:	34 e0       	ldi	r19, 0x04	; 4
     96a:	30 93 95 04 	sts	0x0495, r19	; 0x800495 <twi_masterBuffer+0x1>
     96e:	20 93 94 04 	sts	0x0494, r18	; 0x800494 <twi_masterBuffer>
/home/roman/.arduino15/packages/MightyCore/hardware/avr/3.0.1/libraries/Wire/src/utility/twi.c:188
  twi_masterBufferIndex = 0;
     972:	10 92 97 04 	sts	0x0497, r1	; 0x800497 <twi_masterBufferIndex>
/home/roman/.arduino15/packages/MightyCore/hardware/avr/3.0.1/libraries/Wire/src/utility/twi.c:189
  twi_masterBufferLength = length-1;  // This is not intuitive, read on...
     976:	93 e0       	ldi	r25, 0x03	; 3
     978:	90 93 96 04 	sts	0x0496, r25	; 0x800496 <twi_masterBufferLength>
/home/roman/.arduino15/packages/MightyCore/hardware/avr/3.0.1/libraries/Wire/src/utility/twi.c:197
  // Therefore we must actually set NACK when the _next_ to last byte is
  // received, causing that NACK to be sent in response to receiving the last
  // expected byte of data.

  // build sla+w, slave device address + w bit
  twi_slarw = TW_READ;
     97c:	80 93 98 04 	sts	0x0498, r24	; 0x800498 <twi_slarw>
/home/roman/.arduino15/packages/MightyCore/hardware/avr/3.0.1/libraries/Wire/src/utility/twi.c:198
  twi_slarw |= address << 1;
     980:	80 91 98 04 	lds	r24, 0x0498	; 0x800498 <twi_slarw>
     984:	82 60       	ori	r24, 0x02	; 2
     986:	80 93 98 04 	sts	0x0498, r24	; 0x800498 <twi_slarw>
/home/roman/.arduino15/packages/MightyCore/hardware/avr/3.0.1/libraries/Wire/src/utility/twi.c:200

  if (true == twi_inRepStart) {
     98a:	80 91 9d 04 	lds	r24, 0x049D	; 0x80049d <twi_inRepStart>
     98e:	81 30       	cpi	r24, 0x01	; 1
     990:	09 f0       	breq	.+2      	; 0x994 <read32(int)+0x122>
     992:	49 c0       	rjmp	.+146    	; 0xa26 <read32(int)+0x1b4>
/home/roman/.arduino15/packages/MightyCore/hardware/avr/3.0.1/libraries/Wire/src/utility/twi.c:207
    // (@@@ we hope), and the TWI statemachine is just waiting for the address byte.
    // We need to remove ourselves from the repeated start state before we enable interrupts,
    // since the ISR is ASYNC, and we could get confused if we hit the ISR before cleaning
    // up. Also, don't enable the START interrupt. There may be one pending from the
    // repeated start that we sent ourselves, and that would really confuse things.
    twi_inRepStart = false; // Remember, we're dealing with an ASYNC ISR
     994:	10 92 9d 04 	sts	0x049D, r1	; 0x80049d <twi_inRepStart>
/home/roman/.arduino15/packages/MightyCore/hardware/avr/3.0.1/libraries/Wire/src/utility/twi.c:219
          return 0;
        }
      } while(TWCR & _BV(TWWC));
    #else
      do {
        TWDR = twi_slarw;
     998:	80 91 98 04 	lds	r24, 0x0498	; 0x800498 <twi_slarw>
     99c:	80 93 bb 00 	sts	0x00BB, r24	; 0x8000bb <__TEXT_REGION_LENGTH__+0x7e00bb>
/home/roman/.arduino15/packages/MightyCore/hardware/avr/3.0.1/libraries/Wire/src/utility/twi.c:220
      } while(TWCR & _BV(TWWC));
     9a0:	80 91 bc 00 	lds	r24, 0x00BC	; 0x8000bc <__TEXT_REGION_LENGTH__+0x7e00bc>
     9a4:	83 fd       	sbrc	r24, 3
     9a6:	f8 cf       	rjmp	.-16     	; 0x998 <read32(int)+0x126>
/home/roman/.arduino15/packages/MightyCore/hardware/avr/3.0.1/libraries/Wire/src/utility/twi.c:222
    #endif
    TWCR = _BV(TWINT) | _BV(TWEA) | _BV(TWEN) | _BV(TWIE);  // enable INTs, but not START
     9a8:	85 ec       	ldi	r24, 0xC5	; 197
/home/roman/.arduino15/packages/MightyCore/hardware/avr/3.0.1/libraries/Wire/src/utility/twi.c:226
  }
  else
    // send start condition
    TWCR = _BV(TWEN) | _BV(TWIE) | _BV(TWEA) | _BV(TWINT) | _BV(TWSTA);
     9aa:	80 93 bc 00 	sts	0x00BC, r24	; 0x8000bc <__TEXT_REGION_LENGTH__+0x7e00bc>
/home/roman/.arduino15/packages/MightyCore/hardware/avr/3.0.1/libraries/Wire/src/utility/twi.c:238
        twi_handleTimeout(twi_do_reset_on_timeout);
        return 0;
      }
    }
  #else
    while(TWI_MRX == twi_state){
     9ae:	80 91 9f 04 	lds	r24, 0x049F	; 0x80049f <twi_state>
     9b2:	81 30       	cpi	r24, 0x01	; 1
     9b4:	e1 f3       	breq	.-8      	; 0x9ae <read32(int)+0x13c>
/home/roman/.arduino15/packages/MightyCore/hardware/avr/3.0.1/libraries/Wire/src/utility/twi.c:243
      continue;
    }
  #endif

  if (twi_masterBufferIndex < length)
     9b6:	80 91 97 04 	lds	r24, 0x0497	; 0x800497 <twi_masterBufferIndex>
     9ba:	84 30       	cpi	r24, 0x04	; 4
     9bc:	b0 f5       	brcc	.+108    	; 0xa2a <read32(int)+0x1b8>
/home/roman/.arduino15/packages/MightyCore/hardware/avr/3.0.1/libraries/Wire/src/utility/twi.c:244
    length = twi_masterBufferIndex;
     9be:	80 91 97 04 	lds	r24, 0x0497	; 0x800497 <twi_masterBufferIndex>
requestFrom():
/home/roman/.arduino15/packages/MightyCore/hardware/avr/3.0.1/libraries/Wire/src/Wire.cpp:120
    quantity = TWI_BUFFER_SIZE;
  }
  // perform blocking read into buffer
  uint8_t read = twi_readFrom(address, rxBuffer, quantity, sendStop);
  // set rx buffer iterator vars
  rxBufferIndex = 0;
     9c2:	10 92 a3 04 	sts	0x04A3, r1	; 0x8004a3 <TwoWire::rxBufferIndex>
/home/roman/.arduino15/packages/MightyCore/hardware/avr/3.0.1/libraries/Wire/src/Wire.cpp:121
  rxBufferLength = read;
     9c6:	80 93 a2 04 	sts	0x04A2, r24	; 0x8004a2 <TwoWire::rxBufferLength>
     9ca:	10 e0       	ldi	r17, 0x00	; 0
     9cc:	00 e0       	ldi	r16, 0x00	; 0
_Z6read32i():
/home/roman/repos/ust/THUNDERMILL01/fw/arduino/src/thundermill_fast_output_prototype_02/thundermill_fast_output_prototype_02.ino:89
  Wire.endTransmission();

  Wire.requestFrom(0x01, 4);

  unsigned long register_value = 0;
     9ce:	c1 2c       	mov	r12, r1
     9d0:	d1 2c       	mov	r13, r1
     9d2:	76 01       	movw	r14, r12
/home/roman/repos/ust/THUNDERMILL01/fw/arduino/src/thundermill_fast_output_prototype_02/thundermill_fast_output_prototype_02.ino:92
  for (int i = 0; i < 4; i++)
  {
    unsigned long c = Wire.read();
     9d4:	8a e4       	ldi	r24, 0x4A	; 74
     9d6:	95 e0       	ldi	r25, 0x05	; 5
     9d8:	0e 94 81 02 	call	0x502	; 0x502 <TwoWire::read()>
     9dc:	09 2e       	mov	r0, r25
     9de:	00 0c       	add	r0, r0
     9e0:	aa 0b       	sbc	r26, r26
     9e2:	bb 0b       	sbc	r27, r27
/home/roman/repos/ust/THUNDERMILL01/fw/arduino/src/thundermill_fast_output_prototype_02/thundermill_fast_output_prototype_02.ino:93
    register_value |= (c << (i * 8));
     9e4:	00 2e       	mov	r0, r16
     9e6:	04 c0       	rjmp	.+8      	; 0x9f0 <read32(int)+0x17e>
     9e8:	88 0f       	add	r24, r24
     9ea:	99 1f       	adc	r25, r25
     9ec:	aa 1f       	adc	r26, r26
     9ee:	bb 1f       	adc	r27, r27
     9f0:	0a 94       	dec	r0
     9f2:	d2 f7       	brpl	.-12     	; 0x9e8 <read32(int)+0x176>
     9f4:	c8 2a       	or	r12, r24
     9f6:	d9 2a       	or	r13, r25
     9f8:	ea 2a       	or	r14, r26
     9fa:	fb 2a       	or	r15, r27
     9fc:	08 5f       	subi	r16, 0xF8	; 248
     9fe:	1f 4f       	sbci	r17, 0xFF	; 255
/home/roman/repos/ust/THUNDERMILL01/fw/arduino/src/thundermill_fast_output_prototype_02/thundermill_fast_output_prototype_02.ino:90
  Wire.endTransmission();

  Wire.requestFrom(0x01, 4);

  unsigned long register_value = 0;
  for (int i = 0; i < 4; i++)
     a00:	00 32       	cpi	r16, 0x20	; 32
     a02:	11 05       	cpc	r17, r1
     a04:	39 f7       	brne	.-50     	; 0x9d4 <read32(int)+0x162>
/home/roman/repos/ust/THUNDERMILL01/fw/arduino/src/thundermill_fast_output_prototype_02/thundermill_fast_output_prototype_02.ino:96
  {
    unsigned long c = Wire.read();
    register_value |= (c << (i * 8));
  }
  return register_value;
}
     a06:	c7 01       	movw	r24, r14
     a08:	b6 01       	movw	r22, r12
     a0a:	0f 90       	pop	r0
     a0c:	0f 90       	pop	r0
     a0e:	0f 90       	pop	r0
     a10:	df 91       	pop	r29
     a12:	cf 91       	pop	r28
     a14:	1f 91       	pop	r17
     a16:	0f 91       	pop	r16
     a18:	ff 90       	pop	r15
     a1a:	ef 90       	pop	r14
     a1c:	df 90       	pop	r13
     a1e:	cf 90       	pop	r12
     a20:	08 95       	ret
twi_writeTo():
/home/roman/.arduino15/packages/MightyCore/hardware/avr/3.0.1/libraries/Wire/src/utility/twi.c:329
    #endif
    TWCR = _BV(TWINT) | _BV(TWEA) | _BV(TWEN) | _BV(TWIE);  // enable INTs, but not START
  }
  else
    // send start condition
    TWCR = _BV(TWINT) | _BV(TWEA) | _BV(TWEN) | _BV(TWIE) | _BV(TWSTA); // enable INTs
     a22:	85 ee       	ldi	r24, 0xE5	; 229
     a24:	7e cf       	rjmp	.-260    	; 0x922 <read32(int)+0xb0>
twi_readFrom():
/home/roman/.arduino15/packages/MightyCore/hardware/avr/3.0.1/libraries/Wire/src/utility/twi.c:226
    #endif
    TWCR = _BV(TWINT) | _BV(TWEA) | _BV(TWEN) | _BV(TWIE);  // enable INTs, but not START
  }
  else
    // send start condition
    TWCR = _BV(TWEN) | _BV(TWIE) | _BV(TWEA) | _BV(TWINT) | _BV(TWSTA);
     a26:	85 ee       	ldi	r24, 0xE5	; 229
     a28:	c0 cf       	rjmp	.-128    	; 0x9aa <read32(int)+0x138>
/home/roman/.arduino15/packages/MightyCore/hardware/avr/3.0.1/libraries/Wire/src/utility/twi.c:243
    while(TWI_MRX == twi_state){
      continue;
    }
  #endif

  if (twi_masterBufferIndex < length)
     a2a:	84 e0       	ldi	r24, 0x04	; 4
     a2c:	ca cf       	rjmp	.-108    	; 0x9c2 <read32(int)+0x150>

00000a2e <__vector_18>:
__vector_18():
/home/roman/.arduino15/packages/MightyCore/hardware/avr/3.0.1/cores/MCUdude_corefiles/wiring.c:159
#if defined(__AVR_ATtiny24__) || defined(__AVR_ATtiny44__) || defined(__AVR_ATtiny84__)
ISR(TIM0_OVF_vect)
#else
ISR(TIMER0_OVF_vect)
#endif
{
     a2e:	1f 92       	push	r1
     a30:	0f 92       	push	r0
     a32:	0f b6       	in	r0, 0x3f	; 63
     a34:	0f 92       	push	r0
     a36:	11 24       	eor	r1, r1
     a38:	2f 93       	push	r18
     a3a:	3f 93       	push	r19
     a3c:	8f 93       	push	r24
     a3e:	9f 93       	push	r25
     a40:	af 93       	push	r26
     a42:	bf 93       	push	r27
/home/roman/.arduino15/packages/MightyCore/hardware/avr/3.0.1/cores/MCUdude_corefiles/wiring.c:167
  static unsigned char timer0_exact = 0;
#endif

  // copy these to local variables so they can be stored in registers
  // (volatile variables must be read from memory on every access, so this saves time)
  unsigned long m = timer0_millis;
     a44:	80 91 a5 04 	lds	r24, 0x04A5	; 0x8004a5 <timer0_millis>
     a48:	90 91 a6 04 	lds	r25, 0x04A6	; 0x8004a6 <timer0_millis+0x1>
     a4c:	a0 91 a7 04 	lds	r26, 0x04A7	; 0x8004a7 <timer0_millis+0x2>
     a50:	b0 91 a8 04 	lds	r27, 0x04A8	; 0x8004a8 <timer0_millis+0x3>
/home/roman/.arduino15/packages/MightyCore/hardware/avr/3.0.1/cores/MCUdude_corefiles/wiring.c:168
  unsigned char f = timer0_fract;
     a54:	30 91 a4 04 	lds	r19, 0x04A4	; 0x8004a4 <timer0_fract>
/home/roman/.arduino15/packages/MightyCore/hardware/avr/3.0.1/cores/MCUdude_corefiles/wiring.c:170

  f += FRACT_INC FRACT_INC_PLUS;
     a58:	26 e0       	ldi	r18, 0x06	; 6
     a5a:	23 0f       	add	r18, r19
/home/roman/.arduino15/packages/MightyCore/hardware/avr/3.0.1/cores/MCUdude_corefiles/wiring.c:200
    ++f;
  }
#endif
#endif // CORRECT_EXACT_MILLIS

  if (f >= FRACT_MAX) {
     a5c:	2d 37       	cpi	r18, 0x7D	; 125
     a5e:	68 f1       	brcs	.+90     	; 0xaba <__vector_18+0x8c>
/home/roman/.arduino15/packages/MightyCore/hardware/avr/3.0.1/cores/MCUdude_corefiles/wiring.c:201
    f -= FRACT_MAX;
     a60:	29 e8       	ldi	r18, 0x89	; 137
     a62:	23 0f       	add	r18, r19
/home/roman/.arduino15/packages/MightyCore/hardware/avr/3.0.1/cores/MCUdude_corefiles/wiring.c:202
    m += MILLIS_INC + 1;
     a64:	03 96       	adiw	r24, 0x03	; 3
     a66:	a1 1d       	adc	r26, r1
     a68:	b1 1d       	adc	r27, r1
/home/roman/.arduino15/packages/MightyCore/hardware/avr/3.0.1/cores/MCUdude_corefiles/wiring.c:208
  }
  else {
    m += MILLIS_INC;
  }

  timer0_fract = f;
     a6a:	20 93 a4 04 	sts	0x04A4, r18	; 0x8004a4 <timer0_fract>
/home/roman/.arduino15/packages/MightyCore/hardware/avr/3.0.1/cores/MCUdude_corefiles/wiring.c:209
  timer0_millis = m;
     a6e:	80 93 a5 04 	sts	0x04A5, r24	; 0x8004a5 <timer0_millis>
     a72:	90 93 a6 04 	sts	0x04A6, r25	; 0x8004a6 <timer0_millis+0x1>
     a76:	a0 93 a7 04 	sts	0x04A7, r26	; 0x8004a7 <timer0_millis+0x2>
     a7a:	b0 93 a8 04 	sts	0x04A8, r27	; 0x8004a8 <timer0_millis+0x3>
/home/roman/.arduino15/packages/MightyCore/hardware/avr/3.0.1/cores/MCUdude_corefiles/wiring.c:211
#ifndef CORRECT_EXACT_MICROS
  timer0_overflow_count++;
     a7e:	80 91 a9 04 	lds	r24, 0x04A9	; 0x8004a9 <timer0_overflow_count>
     a82:	90 91 aa 04 	lds	r25, 0x04AA	; 0x8004aa <timer0_overflow_count+0x1>
     a86:	a0 91 ab 04 	lds	r26, 0x04AB	; 0x8004ab <timer0_overflow_count+0x2>
     a8a:	b0 91 ac 04 	lds	r27, 0x04AC	; 0x8004ac <timer0_overflow_count+0x3>
     a8e:	01 96       	adiw	r24, 0x01	; 1
     a90:	a1 1d       	adc	r26, r1
     a92:	b1 1d       	adc	r27, r1
     a94:	80 93 a9 04 	sts	0x04A9, r24	; 0x8004a9 <timer0_overflow_count>
     a98:	90 93 aa 04 	sts	0x04AA, r25	; 0x8004aa <timer0_overflow_count+0x1>
     a9c:	a0 93 ab 04 	sts	0x04AB, r26	; 0x8004ab <timer0_overflow_count+0x2>
     aa0:	b0 93 ac 04 	sts	0x04AC, r27	; 0x8004ac <timer0_overflow_count+0x3>
/home/roman/.arduino15/packages/MightyCore/hardware/avr/3.0.1/cores/MCUdude_corefiles/wiring.c:213
#endif
}
     aa4:	bf 91       	pop	r27
     aa6:	af 91       	pop	r26
     aa8:	9f 91       	pop	r25
     aaa:	8f 91       	pop	r24
     aac:	3f 91       	pop	r19
     aae:	2f 91       	pop	r18
     ab0:	0f 90       	pop	r0
     ab2:	0f be       	out	0x3f, r0	; 63
     ab4:	0f 90       	pop	r0
     ab6:	1f 90       	pop	r1
     ab8:	18 95       	reti
/home/roman/.arduino15/packages/MightyCore/hardware/avr/3.0.1/cores/MCUdude_corefiles/wiring.c:205
  if (f >= FRACT_MAX) {
    f -= FRACT_MAX;
    m += MILLIS_INC + 1;
  }
  else {
    m += MILLIS_INC;
     aba:	02 96       	adiw	r24, 0x02	; 2
     abc:	a1 1d       	adc	r26, r1
     abe:	b1 1d       	adc	r27, r1
     ac0:	d4 cf       	rjmp	.-88     	; 0xa6a <__vector_18+0x3c>

00000ac2 <__vector_21>:
__vector_21():
/home/roman/.arduino15/packages/MightyCore/hardware/avr/3.0.1/cores/MCUdude_corefiles/HardwareSerial0.cpp:63
#elif defined(USART0_UDRE_vect)
ISR(USART0_UDRE_vect)
#else
  #error "Don't know what the Data Register Empty vector is called for Serial"
#endif
{
     ac2:	1f 92       	push	r1
     ac4:	0f 92       	push	r0
     ac6:	0f b6       	in	r0, 0x3f	; 63
     ac8:	0f 92       	push	r0
     aca:	11 24       	eor	r1, r1
     acc:	0b b6       	in	r0, 0x3b	; 59
     ace:	0f 92       	push	r0
     ad0:	2f 93       	push	r18
     ad2:	3f 93       	push	r19
     ad4:	4f 93       	push	r20
     ad6:	5f 93       	push	r21
     ad8:	6f 93       	push	r22
     ada:	7f 93       	push	r23
     adc:	8f 93       	push	r24
     ade:	9f 93       	push	r25
     ae0:	af 93       	push	r26
     ae2:	bf 93       	push	r27
     ae4:	ef 93       	push	r30
     ae6:	ff 93       	push	r31
/home/roman/.arduino15/packages/MightyCore/hardware/avr/3.0.1/cores/MCUdude_corefiles/HardwareSerial0.cpp:64
  Serial._tx_udr_empty_irq();
     ae8:	8d ea       	ldi	r24, 0xAD	; 173
     aea:	94 e0       	ldi	r25, 0x04	; 4
     aec:	0e 94 9a 01 	call	0x334	; 0x334 <HardwareSerial::_tx_udr_empty_irq()>
/home/roman/.arduino15/packages/MightyCore/hardware/avr/3.0.1/cores/MCUdude_corefiles/HardwareSerial0.cpp:65
}
     af0:	ff 91       	pop	r31
     af2:	ef 91       	pop	r30
     af4:	bf 91       	pop	r27
     af6:	af 91       	pop	r26
     af8:	9f 91       	pop	r25
     afa:	8f 91       	pop	r24
     afc:	7f 91       	pop	r23
     afe:	6f 91       	pop	r22
     b00:	5f 91       	pop	r21
     b02:	4f 91       	pop	r20
     b04:	3f 91       	pop	r19
     b06:	2f 91       	pop	r18
     b08:	0f 90       	pop	r0
     b0a:	0b be       	out	0x3b, r0	; 59
     b0c:	0f 90       	pop	r0
     b0e:	0f be       	out	0x3f, r0	; 63
     b10:	0f 90       	pop	r0
     b12:	1f 90       	pop	r1
     b14:	18 95       	reti

00000b16 <__vector_20>:
__vector_20():
/home/roman/.arduino15/packages/MightyCore/hardware/avr/3.0.1/cores/MCUdude_corefiles/HardwareSerial0.cpp:50
#elif defined(USART_RX_vect)
  ISR(USART_RX_vect)
#else
  #error "Don't know what the Data Received vector is called for Serial"
#endif
  {
     b16:	1f 92       	push	r1
     b18:	0f 92       	push	r0
     b1a:	0f b6       	in	r0, 0x3f	; 63
     b1c:	0f 92       	push	r0
     b1e:	11 24       	eor	r1, r1
     b20:	0b b6       	in	r0, 0x3b	; 59
     b22:	0f 92       	push	r0
     b24:	2f 93       	push	r18
     b26:	8f 93       	push	r24
     b28:	9f 93       	push	r25
     b2a:	ef 93       	push	r30
     b2c:	ff 93       	push	r31
_rx_complete_irq():
/home/roman/.arduino15/packages/MightyCore/hardware/avr/3.0.1/cores/MCUdude_corefiles/HardwareSerial_private.h:100

// Actual interrupt handlers //////////////////////////////////////////////////////////////

void HardwareSerial::_rx_complete_irq(void)
{
  if (bit_is_clear(*_ucsra, UPE0)) {
     b2e:	e0 91 bd 04 	lds	r30, 0x04BD	; 0x8004bd <Serial+0x10>
     b32:	f0 91 be 04 	lds	r31, 0x04BE	; 0x8004be <Serial+0x11>
     b36:	80 81       	ld	r24, Z
     b38:	e0 91 c3 04 	lds	r30, 0x04C3	; 0x8004c3 <Serial+0x16>
     b3c:	f0 91 c4 04 	lds	r31, 0x04C4	; 0x8004c4 <Serial+0x17>
     b40:	82 fd       	sbrc	r24, 2
     b42:	1d c0       	rjmp	.+58     	; 0xb7e <__vector_20+0x68>
/home/roman/.arduino15/packages/MightyCore/hardware/avr/3.0.1/cores/MCUdude_corefiles/HardwareSerial_private.h:103
    // No Parity error, read byte and store it in the buffer if there is
    // room
    unsigned char c = *_udr;
     b44:	90 81       	ld	r25, Z
/home/roman/.arduino15/packages/MightyCore/hardware/avr/3.0.1/cores/MCUdude_corefiles/HardwareSerial_private.h:104
    rx_buffer_index_t i = (unsigned int)(_rx_buffer_head + 1) % SERIAL_RX_BUFFER_SIZE;
     b46:	80 91 c6 04 	lds	r24, 0x04C6	; 0x8004c6 <Serial+0x19>
     b4a:	8f 5f       	subi	r24, 0xFF	; 255
     b4c:	8f 73       	andi	r24, 0x3F	; 63
/home/roman/.arduino15/packages/MightyCore/hardware/avr/3.0.1/cores/MCUdude_corefiles/HardwareSerial_private.h:110

    // if we should be storing the received character into the location
    // just before the tail (meaning that the head would advance to the
    // current location of the tail), we're about to overflow the buffer
    // and so we don't write the character or advance the head.
    if (i != _rx_buffer_tail) {
     b4e:	20 91 c7 04 	lds	r18, 0x04C7	; 0x8004c7 <Serial+0x1a>
     b52:	82 17       	cp	r24, r18
     b54:	41 f0       	breq	.+16     	; 0xb66 <__vector_20+0x50>
/home/roman/.arduino15/packages/MightyCore/hardware/avr/3.0.1/cores/MCUdude_corefiles/HardwareSerial_private.h:111
      _rx_buffer[_rx_buffer_head] = c;
     b56:	e0 91 c6 04 	lds	r30, 0x04C6	; 0x8004c6 <Serial+0x19>
     b5a:	f0 e0       	ldi	r31, 0x00	; 0
     b5c:	e3 55       	subi	r30, 0x53	; 83
     b5e:	fb 4f       	sbci	r31, 0xFB	; 251
     b60:	95 8f       	std	Z+29, r25	; 0x1d
/home/roman/.arduino15/packages/MightyCore/hardware/avr/3.0.1/cores/MCUdude_corefiles/HardwareSerial_private.h:112
      _rx_buffer_head = i;
     b62:	80 93 c6 04 	sts	0x04C6, r24	; 0x8004c6 <Serial+0x19>
__vector_20():
/home/roman/.arduino15/packages/MightyCore/hardware/avr/3.0.1/cores/MCUdude_corefiles/HardwareSerial0.cpp:52
    Serial._rx_complete_irq();
  }
     b66:	ff 91       	pop	r31
     b68:	ef 91       	pop	r30
     b6a:	9f 91       	pop	r25
     b6c:	8f 91       	pop	r24
     b6e:	2f 91       	pop	r18
     b70:	0f 90       	pop	r0
     b72:	0b be       	out	0x3b, r0	; 59
     b74:	0f 90       	pop	r0
     b76:	0f be       	out	0x3f, r0	; 63
     b78:	0f 90       	pop	r0
     b7a:	1f 90       	pop	r1
     b7c:	18 95       	reti
_rx_complete_irq():
/home/roman/.arduino15/packages/MightyCore/hardware/avr/3.0.1/cores/MCUdude_corefiles/HardwareSerial_private.h:116
    }
  } else {
    // Parity error, read byte but discard it
    *_udr;
     b7e:	80 81       	ld	r24, Z
     b80:	f2 cf       	rjmp	.-28     	; 0xb66 <__vector_20+0x50>

00000b82 <__vector_26>:
__vector_26():
/home/roman/.arduino15/packages/MightyCore/hardware/avr/3.0.1/libraries/Wire/src/utility/twi.c:534
  }
  return(flag);
}

ISR(TWI_vect)
{
     b82:	1f 92       	push	r1
     b84:	0f 92       	push	r0
     b86:	0f b6       	in	r0, 0x3f	; 63
     b88:	0f 92       	push	r0
     b8a:	11 24       	eor	r1, r1
     b8c:	0b b6       	in	r0, 0x3b	; 59
     b8e:	0f 92       	push	r0
     b90:	2f 93       	push	r18
     b92:	3f 93       	push	r19
     b94:	4f 93       	push	r20
     b96:	5f 93       	push	r21
     b98:	6f 93       	push	r22
     b9a:	7f 93       	push	r23
     b9c:	8f 93       	push	r24
     b9e:	9f 93       	push	r25
     ba0:	af 93       	push	r26
     ba2:	bf 93       	push	r27
     ba4:	ef 93       	push	r30
     ba6:	ff 93       	push	r31
/home/roman/.arduino15/packages/MightyCore/hardware/avr/3.0.1/libraries/Wire/src/utility/twi.c:535
  switch(TW_STATUS){
     ba8:	80 91 b9 00 	lds	r24, 0x00B9	; 0x8000b9 <__TEXT_REGION_LENGTH__+0x7e00b9>
     bac:	88 7f       	andi	r24, 0xF8	; 248
     bae:	80 36       	cpi	r24, 0x60	; 96
     bb0:	09 f4       	brne	.+2      	; 0xbb4 <__vector_26+0x32>
     bb2:	4d c0       	rjmp	.+154    	; 0xc4e <__vector_26+0xcc>
     bb4:	08 f0       	brcs	.+2      	; 0xbb8 <__vector_26+0x36>
     bb6:	40 c0       	rjmp	.+128    	; 0xc38 <__vector_26+0xb6>
     bb8:	88 32       	cpi	r24, 0x28	; 40
     bba:	09 f4       	brne	.+2      	; 0xbbe <__vector_26+0x3c>
     bbc:	a9 c0       	rjmp	.+338    	; 0xd10 <__vector_26+0x18e>
     bbe:	28 f5       	brcc	.+74     	; 0xc0a <__vector_26+0x88>
     bc0:	80 31       	cpi	r24, 0x10	; 16
     bc2:	09 f4       	brne	.+2      	; 0xbc6 <__vector_26+0x44>
     bc4:	9d c0       	rjmp	.+314    	; 0xd00 <__vector_26+0x17e>
     bc6:	c8 f4       	brcc	.+50     	; 0xbfa <__vector_26+0x78>
     bc8:	88 23       	and	r24, r24
     bca:	09 f4       	brne	.+2      	; 0xbce <__vector_26+0x4c>
     bcc:	07 c1       	rjmp	.+526    	; 0xddc <__vector_26+0x25a>
     bce:	88 30       	cpi	r24, 0x08	; 8
     bd0:	09 f4       	brne	.+2      	; 0xbd4 <__vector_26+0x52>
     bd2:	96 c0       	rjmp	.+300    	; 0xd00 <__vector_26+0x17e>
/home/roman/.arduino15/packages/MightyCore/hardware/avr/3.0.1/libraries/Wire/src/utility/twi.c:696
    case TW_BUS_ERROR: // bus error, illegal stop/start
      twi_error = TW_BUS_ERROR;
      twi_stop();
      break;
  }
}
     bd4:	ff 91       	pop	r31
     bd6:	ef 91       	pop	r30
     bd8:	bf 91       	pop	r27
     bda:	af 91       	pop	r26
     bdc:	9f 91       	pop	r25
     bde:	8f 91       	pop	r24
     be0:	7f 91       	pop	r23
     be2:	6f 91       	pop	r22
     be4:	5f 91       	pop	r21
     be6:	4f 91       	pop	r20
     be8:	3f 91       	pop	r19
     bea:	2f 91       	pop	r18
     bec:	0f 90       	pop	r0
     bee:	0b be       	out	0x3b, r0	; 59
     bf0:	0f 90       	pop	r0
     bf2:	0f be       	out	0x3f, r0	; 63
     bf4:	0f 90       	pop	r0
     bf6:	1f 90       	pop	r1
     bf8:	18 95       	reti
/home/roman/.arduino15/packages/MightyCore/hardware/avr/3.0.1/libraries/Wire/src/utility/twi.c:535
  return(flag);
}

ISR(TWI_vect)
{
  switch(TW_STATUS){
     bfa:	88 31       	cpi	r24, 0x18	; 24
     bfc:	09 f4       	brne	.+2      	; 0xc00 <__vector_26+0x7e>
     bfe:	88 c0       	rjmp	.+272    	; 0xd10 <__vector_26+0x18e>
     c00:	80 32       	cpi	r24, 0x20	; 32
     c02:	41 f7       	brne	.-48     	; 0xbd4 <__vector_26+0x52>
/home/roman/.arduino15/packages/MightyCore/hardware/avr/3.0.1/libraries/Wire/src/utility/twi.c:570
    case TW_MT_SLA_NACK:  // address sent, nack received
      twi_error = TW_MT_SLA_NACK;
      twi_stop();
      break;
    case TW_MT_DATA_NACK: // data sent, nack received
      twi_error = TW_MT_DATA_NACK;
     c04:	80 93 93 04 	sts	0x0493, r24	; 0x800493 <twi_error>
     c08:	14 c0       	rjmp	.+40     	; 0xc32 <__vector_26+0xb0>
/home/roman/.arduino15/packages/MightyCore/hardware/avr/3.0.1/libraries/Wire/src/utility/twi.c:535
  return(flag);
}

ISR(TWI_vect)
{
  switch(TW_STATUS){
     c0a:	80 34       	cpi	r24, 0x40	; 64
     c0c:	09 f4       	brne	.+2      	; 0xc10 <__vector_26+0x8e>
     c0e:	a5 c0       	rjmp	.+330    	; 0xd5a <__vector_26+0x1d8>
     c10:	40 f4       	brcc	.+16     	; 0xc22 <__vector_26+0xa0>
     c12:	80 33       	cpi	r24, 0x30	; 48
     c14:	b9 f3       	breq	.-18     	; 0xc04 <__vector_26+0x82>
     c16:	88 33       	cpi	r24, 0x38	; 56
     c18:	e9 f6       	brne	.-70     	; 0xbd4 <__vector_26+0x52>
/home/roman/.arduino15/packages/MightyCore/hardware/avr/3.0.1/libraries/Wire/src/utility/twi.c:574
    case TW_MT_DATA_NACK: // data sent, nack received
      twi_error = TW_MT_DATA_NACK;
      twi_stop();
      break;
    case TW_MT_ARB_LOST: // lost bus arbitration
      twi_error = TW_MT_ARB_LOST;
     c1a:	80 93 93 04 	sts	0x0493, r24	; 0x800493 <twi_error>
twi_reply():
/home/roman/.arduino15/packages/MightyCore/hardware/avr/3.0.1/libraries/Wire/src/utility/twi.c:421
 */
void twi_reply(uint8_t ack)
{
  // transmit master read ready signal, with or without ack
  if(ack){
    TWCR = _BV(TWEN) | _BV(TWIE) | _BV(TWINT) | _BV(TWEA);
     c1e:	85 ec       	ldi	r24, 0xC5	; 197
     c20:	bc c0       	rjmp	.+376    	; 0xd9a <__vector_26+0x218>
__vector_26():
/home/roman/.arduino15/packages/MightyCore/hardware/avr/3.0.1/libraries/Wire/src/utility/twi.c:535
  return(flag);
}

ISR(TWI_vect)
{
  switch(TW_STATUS){
     c22:	80 35       	cpi	r24, 0x50	; 80
     c24:	09 f4       	brne	.+2      	; 0xc28 <__vector_26+0xa6>
     c26:	89 c0       	rjmp	.+274    	; 0xd3a <__vector_26+0x1b8>
     c28:	88 35       	cpi	r24, 0x58	; 88
     c2a:	09 f4       	brne	.+2      	; 0xc2e <__vector_26+0xac>
     c2c:	9e c0       	rjmp	.+316    	; 0xd6a <__vector_26+0x1e8>
     c2e:	88 34       	cpi	r24, 0x48	; 72
     c30:	89 f6       	brne	.-94     	; 0xbd4 <__vector_26+0x52>
/home/roman/.arduino15/packages/MightyCore/hardware/avr/3.0.1/libraries/Wire/src/utility/twi.c:693
    // All
    case TW_NO_INFO:   // no state information
      break;
    case TW_BUS_ERROR: // bus error, illegal stop/start
      twi_error = TW_BUS_ERROR;
      twi_stop();
     c32:	0e 94 40 02 	call	0x480	; 0x480 <twi_stop>
     c36:	ce cf       	rjmp	.-100    	; 0xbd4 <__vector_26+0x52>
/home/roman/.arduino15/packages/MightyCore/hardware/avr/3.0.1/libraries/Wire/src/utility/twi.c:535
  return(flag);
}

ISR(TWI_vect)
{
  switch(TW_STATUS){
     c38:	88 39       	cpi	r24, 0x98	; 152
     c3a:	09 f4       	brne	.+2      	; 0xc3e <__vector_26+0xbc>
     c3c:	94 c0       	rjmp	.+296    	; 0xd66 <__vector_26+0x1e4>
     c3e:	38 f5       	brcc	.+78     	; 0xc8e <__vector_26+0x10c>
     c40:	88 37       	cpi	r24, 0x78	; 120
     c42:	29 f0       	breq	.+10     	; 0xc4e <__vector_26+0xcc>
     c44:	50 f4       	brcc	.+20     	; 0xc5a <__vector_26+0xd8>
     c46:	88 36       	cpi	r24, 0x68	; 104
     c48:	11 f0       	breq	.+4      	; 0xc4e <__vector_26+0xcc>
     c4a:	80 37       	cpi	r24, 0x70	; 112
     c4c:	19 f6       	brne	.-122    	; 0xbd4 <__vector_26+0x52>
/home/roman/.arduino15/packages/MightyCore/hardware/avr/3.0.1/libraries/Wire/src/utility/twi.c:616
    case TW_SR_SLA_ACK:   // addressed, returned ack
    case TW_SR_GCALL_ACK: // addressed generally, returned ack
    case TW_SR_ARB_LOST_SLA_ACK:   // lost arbitration, returned ack
    case TW_SR_ARB_LOST_GCALL_ACK: // lost arbitration, returned ack
      // enter slave receiver mode
      twi_state = TWI_SRX;
     c4e:	83 e0       	ldi	r24, 0x03	; 3
     c50:	80 93 9f 04 	sts	0x049F, r24	; 0x80049f <twi_state>
/home/roman/.arduino15/packages/MightyCore/hardware/avr/3.0.1/libraries/Wire/src/utility/twi.c:618
      // indicate that rx buffer can be overwritten and ack
      twi_rxBufferIndex = 0;
     c54:	10 92 92 04 	sts	0x0492, r1	; 0x800492 <twi_rxBufferIndex>
     c58:	57 c0       	rjmp	.+174    	; 0xd08 <__vector_26+0x186>
/home/roman/.arduino15/packages/MightyCore/hardware/avr/3.0.1/libraries/Wire/src/utility/twi.c:535
  return(flag);
}

ISR(TWI_vect)
{
  switch(TW_STATUS){
     c5a:	88 38       	cpi	r24, 0x88	; 136
     c5c:	09 f4       	brne	.+2      	; 0xc60 <__vector_26+0xde>
     c5e:	83 c0       	rjmp	.+262    	; 0xd66 <__vector_26+0x1e4>
     c60:	80 39       	cpi	r24, 0x90	; 144
     c62:	19 f0       	breq	.+6      	; 0xc6a <__vector_26+0xe8>
     c64:	80 38       	cpi	r24, 0x80	; 128
     c66:	09 f0       	breq	.+2      	; 0xc6a <__vector_26+0xe8>
     c68:	b5 cf       	rjmp	.-150    	; 0xbd4 <__vector_26+0x52>
/home/roman/.arduino15/packages/MightyCore/hardware/avr/3.0.1/libraries/Wire/src/utility/twi.c:624
      twi_reply(1);
      break;
    case TW_SR_DATA_ACK:       // data received, returned ack
    case TW_SR_GCALL_DATA_ACK: // data received generally, returned ack
      // if there is still room in the rx buffer
      if(twi_rxBufferIndex < TWI_BUFFER_SIZE){
     c6a:	80 91 92 04 	lds	r24, 0x0492	; 0x800492 <twi_rxBufferIndex>
     c6e:	80 32       	cpi	r24, 0x20	; 32
     c70:	08 f0       	brcs	.+2      	; 0xc74 <__vector_26+0xf2>
     c72:	79 c0       	rjmp	.+242    	; 0xd66 <__vector_26+0x1e4>
/home/roman/.arduino15/packages/MightyCore/hardware/avr/3.0.1/libraries/Wire/src/utility/twi.c:626
        // put byte in buffer and ack
        twi_rxBuffer[twi_rxBufferIndex++] = TWDR;
     c74:	e0 91 92 04 	lds	r30, 0x0492	; 0x800492 <twi_rxBufferIndex>
     c78:	81 e0       	ldi	r24, 0x01	; 1
     c7a:	8e 0f       	add	r24, r30
     c7c:	80 93 92 04 	sts	0x0492, r24	; 0x800492 <twi_rxBufferIndex>
     c80:	80 91 bb 00 	lds	r24, 0x00BB	; 0x8000bb <__TEXT_REGION_LENGTH__+0x7e00bb>
     c84:	f0 e0       	ldi	r31, 0x00	; 0
     c86:	ee 58       	subi	r30, 0x8E	; 142
     c88:	fb 4f       	sbci	r31, 0xFB	; 251
     c8a:	80 83       	st	Z, r24
     c8c:	3d c0       	rjmp	.+122    	; 0xd08 <__vector_26+0x186>
/home/roman/.arduino15/packages/MightyCore/hardware/avr/3.0.1/libraries/Wire/src/utility/twi.c:535
  return(flag);
}

ISR(TWI_vect)
{
  switch(TW_STATUS){
     c8e:	80 3b       	cpi	r24, 0xB0	; 176
     c90:	39 f0       	breq	.+14     	; 0xca0 <__vector_26+0x11e>
     c92:	e0 f4       	brcc	.+56     	; 0xccc <__vector_26+0x14a>
     c94:	80 3a       	cpi	r24, 0xA0	; 160
     c96:	09 f4       	brne	.+2      	; 0xc9a <__vector_26+0x118>
     c98:	85 c0       	rjmp	.+266    	; 0xda4 <__vector_26+0x222>
     c9a:	88 3a       	cpi	r24, 0xA8	; 168
     c9c:	09 f0       	breq	.+2      	; 0xca0 <__vector_26+0x11e>
     c9e:	9a cf       	rjmp	.-204    	; 0xbd4 <__vector_26+0x52>
/home/roman/.arduino15/packages/MightyCore/hardware/avr/3.0.1/libraries/Wire/src/utility/twi.c:655

    // Slave Transmitter
    case TW_ST_SLA_ACK:          // addressed, returned ack
    case TW_ST_ARB_LOST_SLA_ACK: // arbitration lost, returned ack
      // enter slave transmitter mode
      twi_state = TWI_STX;
     ca0:	84 e0       	ldi	r24, 0x04	; 4
     ca2:	80 93 9f 04 	sts	0x049F, r24	; 0x80049f <twi_state>
/home/roman/.arduino15/packages/MightyCore/hardware/avr/3.0.1/libraries/Wire/src/utility/twi.c:657
      // ready the tx buffer index for iteration
      twi_txBufferIndex = 0;
     ca6:	10 92 71 04 	sts	0x0471, r1	; 0x800471 <twi_txBufferIndex>
/home/roman/.arduino15/packages/MightyCore/hardware/avr/3.0.1/libraries/Wire/src/utility/twi.c:659
      // set tx buffer length to be zero, to verify if user changes it
      twi_txBufferLength = 0;
     caa:	10 92 70 04 	sts	0x0470, r1	; 0x800470 <twi_txBufferLength>
/home/roman/.arduino15/packages/MightyCore/hardware/avr/3.0.1/libraries/Wire/src/utility/twi.c:662
      // request for txBuffer to be filled and length to be set
      // note: user must call twi_transmit(bytes, length) to do this
      twi_onSlaveTransmit();
     cae:	e0 91 9b 04 	lds	r30, 0x049B	; 0x80049b <twi_onSlaveTransmit>
     cb2:	f0 91 9c 04 	lds	r31, 0x049C	; 0x80049c <twi_onSlaveTransmit+0x1>
     cb6:	09 95       	icall
/home/roman/.arduino15/packages/MightyCore/hardware/avr/3.0.1/libraries/Wire/src/utility/twi.c:664
      // if they didn't change buffer & length, initialize it
      if(0 == twi_txBufferLength){
     cb8:	80 91 70 04 	lds	r24, 0x0470	; 0x800470 <twi_txBufferLength>
     cbc:	81 11       	cpse	r24, r1
     cbe:	0f c0       	rjmp	.+30     	; 0xcde <__vector_26+0x15c>
/home/roman/.arduino15/packages/MightyCore/hardware/avr/3.0.1/libraries/Wire/src/utility/twi.c:665
        twi_txBufferLength = 1;
     cc0:	81 e0       	ldi	r24, 0x01	; 1
     cc2:	80 93 70 04 	sts	0x0470, r24	; 0x800470 <twi_txBufferLength>
/home/roman/.arduino15/packages/MightyCore/hardware/avr/3.0.1/libraries/Wire/src/utility/twi.c:666
        twi_txBuffer[0] = 0x00;
     cc6:	10 92 50 04 	sts	0x0450, r1	; 0x800450 <twi_txBuffer>
     cca:	09 c0       	rjmp	.+18     	; 0xcde <__vector_26+0x15c>
/home/roman/.arduino15/packages/MightyCore/hardware/avr/3.0.1/libraries/Wire/src/utility/twi.c:535
  return(flag);
}

ISR(TWI_vect)
{
  switch(TW_STATUS){
     ccc:	80 3c       	cpi	r24, 0xC0	; 192
     cce:	09 f4       	brne	.+2      	; 0xcd2 <__vector_26+0x150>
     cd0:	a6 cf       	rjmp	.-180    	; 0xc1e <__vector_26+0x9c>
     cd2:	88 3c       	cpi	r24, 0xC8	; 200
     cd4:	09 f4       	brne	.+2      	; 0xcd8 <__vector_26+0x156>
     cd6:	a3 cf       	rjmp	.-186    	; 0xc1e <__vector_26+0x9c>
     cd8:	88 3b       	cpi	r24, 0xB8	; 184
     cda:	09 f0       	breq	.+2      	; 0xcde <__vector_26+0x15c>
     cdc:	7b cf       	rjmp	.-266    	; 0xbd4 <__vector_26+0x52>
/home/roman/.arduino15/packages/MightyCore/hardware/avr/3.0.1/libraries/Wire/src/utility/twi.c:672
      }
      // transmit first byte from buffer, fall
      /* fall through */
    case TW_ST_DATA_ACK: // byte sent, ack returned
      // copy data to output register
      TWDR = twi_txBuffer[twi_txBufferIndex++];
     cde:	e0 91 71 04 	lds	r30, 0x0471	; 0x800471 <twi_txBufferIndex>
     ce2:	81 e0       	ldi	r24, 0x01	; 1
     ce4:	8e 0f       	add	r24, r30
     ce6:	80 93 71 04 	sts	0x0471, r24	; 0x800471 <twi_txBufferIndex>
     cea:	f0 e0       	ldi	r31, 0x00	; 0
     cec:	e0 5b       	subi	r30, 0xB0	; 176
     cee:	fb 4f       	sbci	r31, 0xFB	; 251
     cf0:	80 81       	ld	r24, Z
     cf2:	80 93 bb 00 	sts	0x00BB, r24	; 0x8000bb <__TEXT_REGION_LENGTH__+0x7e00bb>
/home/roman/.arduino15/packages/MightyCore/hardware/avr/3.0.1/libraries/Wire/src/utility/twi.c:674
      // if there is more to send, ack, otherwise nack
      if(twi_txBufferIndex < twi_txBufferLength){
     cf6:	90 91 71 04 	lds	r25, 0x0471	; 0x800471 <twi_txBufferIndex>
     cfa:	80 91 70 04 	lds	r24, 0x0470	; 0x800470 <twi_txBufferLength>
     cfe:	31 c0       	rjmp	.+98     	; 0xd62 <__vector_26+0x1e0>
/home/roman/.arduino15/packages/MightyCore/hardware/avr/3.0.1/libraries/Wire/src/utility/twi.c:540
  switch(TW_STATUS){
    // All Master
    case TW_START:     // sent start condition
    case TW_REP_START: // sent repeated start condition
      // copy device address and r/w bit to output register and ack
      TWDR = twi_slarw;
     d00:	80 91 98 04 	lds	r24, 0x0498	; 0x800498 <twi_slarw>
/home/roman/.arduino15/packages/MightyCore/hardware/avr/3.0.1/libraries/Wire/src/utility/twi.c:550
    case TW_MT_SLA_ACK:  // slave receiver acked address
    case TW_MT_DATA_ACK: // slave receiver acked data
      // if there is data to send, send it, otherwise stop
      if(twi_masterBufferIndex < twi_masterBufferLength){
        // copy data to output register and ack
        TWDR = twi_masterBuffer[twi_masterBufferIndex++];
     d04:	80 93 bb 00 	sts	0x00BB, r24	; 0x8000bb <__TEXT_REGION_LENGTH__+0x7e00bb>
twi_reply():
/home/roman/.arduino15/packages/MightyCore/hardware/avr/3.0.1/libraries/Wire/src/utility/twi.c:421
 */
void twi_reply(uint8_t ack)
{
  // transmit master read ready signal, with or without ack
  if(ack){
    TWCR = _BV(TWEN) | _BV(TWIE) | _BV(TWINT) | _BV(TWEA);
     d08:	85 ec       	ldi	r24, 0xC5	; 197
/home/roman/.arduino15/packages/MightyCore/hardware/avr/3.0.1/libraries/Wire/src/utility/twi.c:423
  }else{
    TWCR = _BV(TWEN) | _BV(TWIE) | _BV(TWINT);
     d0a:	80 93 bc 00 	sts	0x00BC, r24	; 0x8000bc <__TEXT_REGION_LENGTH__+0x7e00bc>
     d0e:	62 cf       	rjmp	.-316    	; 0xbd4 <__vector_26+0x52>
__vector_26():
/home/roman/.arduino15/packages/MightyCore/hardware/avr/3.0.1/libraries/Wire/src/utility/twi.c:548

    // Master Transmitter
    case TW_MT_SLA_ACK:  // slave receiver acked address
    case TW_MT_DATA_ACK: // slave receiver acked data
      // if there is data to send, send it, otherwise stop
      if(twi_masterBufferIndex < twi_masterBufferLength){
     d10:	90 91 97 04 	lds	r25, 0x0497	; 0x800497 <twi_masterBufferIndex>
     d14:	80 91 96 04 	lds	r24, 0x0496	; 0x800496 <twi_masterBufferLength>
     d18:	98 17       	cp	r25, r24
     d1a:	b8 f5       	brcc	.+110    	; 0xd8a <__vector_26+0x208>
/home/roman/.arduino15/packages/MightyCore/hardware/avr/3.0.1/libraries/Wire/src/utility/twi.c:550
        // copy data to output register and ack
        TWDR = twi_masterBuffer[twi_masterBufferIndex++];
     d1c:	80 91 94 04 	lds	r24, 0x0494	; 0x800494 <twi_masterBuffer>
     d20:	90 91 95 04 	lds	r25, 0x0495	; 0x800495 <twi_masterBuffer+0x1>
     d24:	e0 91 97 04 	lds	r30, 0x0497	; 0x800497 <twi_masterBufferIndex>
     d28:	21 e0       	ldi	r18, 0x01	; 1
     d2a:	2e 0f       	add	r18, r30
     d2c:	20 93 97 04 	sts	0x0497, r18	; 0x800497 <twi_masterBufferIndex>
     d30:	e8 0f       	add	r30, r24
     d32:	f9 2f       	mov	r31, r25
     d34:	f1 1d       	adc	r31, r1
     d36:	80 81       	ld	r24, Z
     d38:	e5 cf       	rjmp	.-54     	; 0xd04 <__vector_26+0x182>
/home/roman/.arduino15/packages/MightyCore/hardware/avr/3.0.1/libraries/Wire/src/utility/twi.c:581
      break;

    // Master Receiver
    case TW_MR_DATA_ACK: // data received, ack sent
      // put byte into buffer
      twi_masterBuffer[twi_masterBufferIndex++] = TWDR;
     d3a:	20 91 94 04 	lds	r18, 0x0494	; 0x800494 <twi_masterBuffer>
     d3e:	30 91 95 04 	lds	r19, 0x0495	; 0x800495 <twi_masterBuffer+0x1>
     d42:	e0 91 97 04 	lds	r30, 0x0497	; 0x800497 <twi_masterBufferIndex>
     d46:	81 e0       	ldi	r24, 0x01	; 1
     d48:	8e 0f       	add	r24, r30
     d4a:	80 93 97 04 	sts	0x0497, r24	; 0x800497 <twi_masterBufferIndex>
     d4e:	80 91 bb 00 	lds	r24, 0x00BB	; 0x8000bb <__TEXT_REGION_LENGTH__+0x7e00bb>
     d52:	e2 0f       	add	r30, r18
     d54:	f3 2f       	mov	r31, r19
     d56:	f1 1d       	adc	r31, r1
     d58:	80 83       	st	Z, r24
/home/roman/.arduino15/packages/MightyCore/hardware/avr/3.0.1/libraries/Wire/src/utility/twi.c:585
      /* fall through */
    case TW_MR_SLA_ACK:  // address sent, ack received
      // ack if more bytes are expected, otherwise nack
      if(twi_masterBufferIndex < twi_masterBufferLength){
     d5a:	90 91 97 04 	lds	r25, 0x0497	; 0x800497 <twi_masterBufferIndex>
     d5e:	80 91 96 04 	lds	r24, 0x0496	; 0x800496 <twi_masterBufferLength>
/home/roman/.arduino15/packages/MightyCore/hardware/avr/3.0.1/libraries/Wire/src/utility/twi.c:674
      /* fall through */
    case TW_ST_DATA_ACK: // byte sent, ack returned
      // copy data to output register
      TWDR = twi_txBuffer[twi_txBufferIndex++];
      // if there is more to send, ack, otherwise nack
      if(twi_txBufferIndex < twi_txBufferLength){
     d62:	98 17       	cp	r25, r24
     d64:	88 f2       	brcs	.-94     	; 0xd08 <__vector_26+0x186>
twi_reply():
/home/roman/.arduino15/packages/MightyCore/hardware/avr/3.0.1/libraries/Wire/src/utility/twi.c:423
{
  // transmit master read ready signal, with or without ack
  if(ack){
    TWCR = _BV(TWEN) | _BV(TWIE) | _BV(TWINT) | _BV(TWEA);
  }else{
    TWCR = _BV(TWEN) | _BV(TWIE) | _BV(TWINT);
     d66:	85 e8       	ldi	r24, 0x85	; 133
     d68:	d0 cf       	rjmp	.-96     	; 0xd0a <__vector_26+0x188>
__vector_26():
/home/roman/.arduino15/packages/MightyCore/hardware/avr/3.0.1/libraries/Wire/src/utility/twi.c:593
        twi_reply(0);
      }
      break;
    case TW_MR_DATA_NACK: // data received, nack sent
      // put final byte into buffer
      twi_masterBuffer[twi_masterBufferIndex++] = TWDR;
     d6a:	20 91 94 04 	lds	r18, 0x0494	; 0x800494 <twi_masterBuffer>
     d6e:	30 91 95 04 	lds	r19, 0x0495	; 0x800495 <twi_masterBuffer+0x1>
     d72:	e0 91 97 04 	lds	r30, 0x0497	; 0x800497 <twi_masterBufferIndex>
     d76:	81 e0       	ldi	r24, 0x01	; 1
     d78:	8e 0f       	add	r24, r30
     d7a:	80 93 97 04 	sts	0x0497, r24	; 0x800497 <twi_masterBufferIndex>
     d7e:	80 91 bb 00 	lds	r24, 0x00BB	; 0x8000bb <__TEXT_REGION_LENGTH__+0x7e00bb>
     d82:	e2 0f       	add	r30, r18
     d84:	f3 2f       	mov	r31, r19
     d86:	f1 1d       	adc	r31, r1
     d88:	80 83       	st	Z, r24
/home/roman/.arduino15/packages/MightyCore/hardware/avr/3.0.1/libraries/Wire/src/utility/twi.c:594
  if (twi_sendStop)
     d8a:	80 91 9e 04 	lds	r24, 0x049E	; 0x80049e <twi_sendStop>
     d8e:	81 11       	cpse	r24, r1
     d90:	50 cf       	rjmp	.-352    	; 0xc32 <__vector_26+0xb0>
/home/roman/.arduino15/packages/MightyCore/hardware/avr/3.0.1/libraries/Wire/src/utility/twi.c:597
          twi_stop();
  else {
    twi_inRepStart = true;  // we're going to send the START
     d92:	81 e0       	ldi	r24, 0x01	; 1
     d94:	80 93 9d 04 	sts	0x049D, r24	; 0x80049d <twi_inRepStart>
/home/roman/.arduino15/packages/MightyCore/hardware/avr/3.0.1/libraries/Wire/src/utility/twi.c:601
    // don't enable the interrupt. We'll generate the start, but we
    // avoid handling the interrupt until we're in the next transaction,
    // at the point where we would normally issue the start.
    TWCR = _BV(TWINT) | _BV(TWSTA)| _BV(TWEN) ;
     d98:	84 ea       	ldi	r24, 0xA4	; 164
twi_reply():
/home/roman/.arduino15/packages/MightyCore/hardware/avr/3.0.1/libraries/Wire/src/utility/twi.c:421
 */
void twi_reply(uint8_t ack)
{
  // transmit master read ready signal, with or without ack
  if(ack){
    TWCR = _BV(TWEN) | _BV(TWIE) | _BV(TWINT) | _BV(TWEA);
     d9a:	80 93 bc 00 	sts	0x00BC, r24	; 0x8000bc <__TEXT_REGION_LENGTH__+0x7e00bc>
__vector_26():
/home/roman/.arduino15/packages/MightyCore/hardware/avr/3.0.1/libraries/Wire/src/utility/twi.c:685
    case TW_ST_DATA_NACK: // received nack, we are done
    case TW_ST_LAST_DATA: // received ack, but we are done already!
      // ack future responses
      twi_reply(1);
      // leave slave receiver state
      twi_state = TWI_READY;
     d9e:	10 92 9f 04 	sts	0x049F, r1	; 0x80049f <twi_state>
     da2:	18 cf       	rjmp	.-464    	; 0xbd4 <__vector_26+0x52>
twi_releaseBus():
/home/roman/.arduino15/packages/MightyCore/hardware/avr/3.0.1/libraries/Wire/src/utility/twi.c:474
 * Output   none
 */
void twi_releaseBus(void)
{
  // release bus
  TWCR = _BV(TWEN) | _BV(TWIE) | _BV(TWEA) | _BV(TWINT);
     da4:	85 ec       	ldi	r24, 0xC5	; 197
     da6:	80 93 bc 00 	sts	0x00BC, r24	; 0x8000bc <__TEXT_REGION_LENGTH__+0x7e00bc>
/home/roman/.arduino15/packages/MightyCore/hardware/avr/3.0.1/libraries/Wire/src/utility/twi.c:477

  // update twi state
  twi_state = TWI_READY;
     daa:	10 92 9f 04 	sts	0x049F, r1	; 0x80049f <twi_state>
__vector_26():
/home/roman/.arduino15/packages/MightyCore/hardware/avr/3.0.1/libraries/Wire/src/utility/twi.c:637
      break;
    case TW_SR_STOP: // stop or repeated start condition received
      // ack future responses and leave slave receiver state
      twi_releaseBus();
      // put a null char after data if there's room
      if(twi_rxBufferIndex < TWI_BUFFER_SIZE){
     dae:	80 91 92 04 	lds	r24, 0x0492	; 0x800492 <twi_rxBufferIndex>
     db2:	80 32       	cpi	r24, 0x20	; 32
     db4:	30 f4       	brcc	.+12     	; 0xdc2 <__vector_26+0x240>
/home/roman/.arduino15/packages/MightyCore/hardware/avr/3.0.1/libraries/Wire/src/utility/twi.c:638
        twi_rxBuffer[twi_rxBufferIndex] = '\0';
     db6:	e0 91 92 04 	lds	r30, 0x0492	; 0x800492 <twi_rxBufferIndex>
     dba:	f0 e0       	ldi	r31, 0x00	; 0
     dbc:	ee 58       	subi	r30, 0x8E	; 142
     dbe:	fb 4f       	sbci	r31, 0xFB	; 251
     dc0:	10 82       	st	Z, r1
/home/roman/.arduino15/packages/MightyCore/hardware/avr/3.0.1/libraries/Wire/src/utility/twi.c:641
      }
      // callback to user defined callback
      twi_onSlaveReceive(twi_rxBuffer, twi_rxBufferIndex);
     dc2:	60 91 92 04 	lds	r22, 0x0492	; 0x800492 <twi_rxBufferIndex>
     dc6:	70 e0       	ldi	r23, 0x00	; 0
     dc8:	e0 91 99 04 	lds	r30, 0x0499	; 0x800499 <twi_onSlaveReceive>
     dcc:	f0 91 9a 04 	lds	r31, 0x049A	; 0x80049a <twi_onSlaveReceive+0x1>
     dd0:	82 e7       	ldi	r24, 0x72	; 114
     dd2:	94 e0       	ldi	r25, 0x04	; 4
     dd4:	09 95       	icall
/home/roman/.arduino15/packages/MightyCore/hardware/avr/3.0.1/libraries/Wire/src/utility/twi.c:643
      // since we submit rx buffer to "wire" library, we can reset it
      twi_rxBufferIndex = 0;
     dd6:	10 92 92 04 	sts	0x0492, r1	; 0x800492 <twi_rxBufferIndex>
     dda:	fc ce       	rjmp	.-520    	; 0xbd4 <__vector_26+0x52>
/home/roman/.arduino15/packages/MightyCore/hardware/avr/3.0.1/libraries/Wire/src/utility/twi.c:692

    // All
    case TW_NO_INFO:   // no state information
      break;
    case TW_BUS_ERROR: // bus error, illegal stop/start
      twi_error = TW_BUS_ERROR;
     ddc:	10 92 93 04 	sts	0x0493, r1	; 0x800493 <twi_error>
     de0:	28 cf       	rjmp	.-432    	; 0xc32 <__vector_26+0xb0>

00000de2 <global constructors keyed to 65535_0_thundermill_fast_output_prototype_02.ino.cpp.o.1939>:
_GLOBAL__I_65535_0_thundermill_fast_output_prototype_02.ino.cpp.o.1939():
     de2:	ed ea       	ldi	r30, 0xAD	; 173
     de4:	f4 e0       	ldi	r31, 0x04	; 4
     de6:	13 82       	std	Z+3, r1	; 0x03
     de8:	12 82       	std	Z+2, r1	; 0x02
     dea:	88 ee       	ldi	r24, 0xE8	; 232
     dec:	93 e0       	ldi	r25, 0x03	; 3
     dee:	a0 e0       	ldi	r26, 0x00	; 0
     df0:	b0 e0       	ldi	r27, 0x00	; 0
     df2:	84 83       	std	Z+4, r24	; 0x04
     df4:	95 83       	std	Z+5, r25	; 0x05
     df6:	a6 83       	std	Z+6, r26	; 0x06
     df8:	b7 83       	std	Z+7, r27	; 0x07
     dfa:	26 e3       	ldi	r18, 0x36	; 54
     dfc:	31 e0       	ldi	r19, 0x01	; 1
     dfe:	31 83       	std	Z+1, r19	; 0x01
     e00:	20 83       	st	Z, r18
     e02:	25 ec       	ldi	r18, 0xC5	; 197
     e04:	30 e0       	ldi	r19, 0x00	; 0
     e06:	35 87       	std	Z+13, r19	; 0x0d
     e08:	24 87       	std	Z+12, r18	; 0x0c
     e0a:	24 ec       	ldi	r18, 0xC4	; 196
     e0c:	30 e0       	ldi	r19, 0x00	; 0
     e0e:	37 87       	std	Z+15, r19	; 0x0f
     e10:	26 87       	std	Z+14, r18	; 0x0e
     e12:	20 ec       	ldi	r18, 0xC0	; 192
     e14:	30 e0       	ldi	r19, 0x00	; 0
     e16:	31 8b       	std	Z+17, r19	; 0x11
     e18:	20 8b       	std	Z+16, r18	; 0x10
     e1a:	21 ec       	ldi	r18, 0xC1	; 193
     e1c:	30 e0       	ldi	r19, 0x00	; 0
     e1e:	33 8b       	std	Z+19, r19	; 0x13
     e20:	22 8b       	std	Z+18, r18	; 0x12
     e22:	22 ec       	ldi	r18, 0xC2	; 194
     e24:	30 e0       	ldi	r19, 0x00	; 0
     e26:	35 8b       	std	Z+21, r19	; 0x15
     e28:	24 8b       	std	Z+20, r18	; 0x14
     e2a:	26 ec       	ldi	r18, 0xC6	; 198
     e2c:	30 e0       	ldi	r19, 0x00	; 0
     e2e:	37 8b       	std	Z+23, r19	; 0x17
     e30:	26 8b       	std	Z+22, r18	; 0x16
     e32:	11 8e       	std	Z+25, r1	; 0x19
     e34:	12 8e       	std	Z+26, r1	; 0x1a
     e36:	13 8e       	std	Z+27, r1	; 0x1b
     e38:	14 8e       	std	Z+28, r1	; 0x1c
     e3a:	ea e4       	ldi	r30, 0x4A	; 74
     e3c:	f5 e0       	ldi	r31, 0x05	; 5
     e3e:	13 82       	std	Z+3, r1	; 0x03
     e40:	12 82       	std	Z+2, r1	; 0x02
     e42:	84 83       	std	Z+4, r24	; 0x04
     e44:	95 83       	std	Z+5, r25	; 0x05
     e46:	a6 83       	std	Z+6, r26	; 0x06
     e48:	b7 83       	std	Z+7, r27	; 0x07
     e4a:	88 e4       	ldi	r24, 0x48	; 72
     e4c:	91 e0       	ldi	r25, 0x01	; 1
     e4e:	91 83       	std	Z+1, r25	; 0x01
     e50:	80 83       	st	Z, r24
     e52:	08 95       	ret

00000e54 <main>:
main():
/home/roman/.arduino15/packages/MightyCore/hardware/avr/3.0.1/cores/MCUdude_corefiles/wiring.c:945

void init()
{
  // this needs to be called before setup() or some functions won't
  // work there
  sei();
     e54:	78 94       	sei
/home/roman/.arduino15/packages/MightyCore/hardware/avr/3.0.1/cores/MCUdude_corefiles/wiring.c:957

  // On the ATmega168, timer 0 is also used for fast hardware pwm
  // (using phase-correct PWM would mean that timer 0 overflowed half as often
  // resulting in different millis() behavior on the ATmega8 and ATmega168)
#if defined(TCCR0A) && defined(WGM01)
  TCCR0A |= _BV(WGM01) | _BV(WGM00);
     e56:	84 b5       	in	r24, 0x24	; 36
     e58:	83 60       	ori	r24, 0x03	; 3
     e5a:	84 bd       	out	0x24, r24	; 36
/home/roman/.arduino15/packages/MightyCore/hardware/avr/3.0.1/cores/MCUdude_corefiles/wiring.c:972
  #if defined(WGM00) && defined(WGM01) // The ATmega8 doesn't have WGM00 and WGM01
    TCCR0 |= _BV(WGM01) | _BV(WGM00);
  #endif
#elif defined(TCCR0B) && defined(CS01) && defined(CS00)
  // This combination is for the standard 168/328/640/1280/1281/2560/2561
  TCCR0B |= _BV(CS01) | _BV(CS00);
     e5c:	85 b5       	in	r24, 0x25	; 37
     e5e:	83 60       	ori	r24, 0x03	; 3
     e60:	85 bd       	out	0x25, r24	; 37
/home/roman/.arduino15/packages/MightyCore/hardware/avr/3.0.1/cores/MCUdude_corefiles/wiring.c:984

// Enable timer 0 overflow interrupt
#if defined(TIMSK) && defined(TOIE0)
  TIMSK |= _BV(TOIE0);
#elif defined(TIMSK0) && defined(TOIE0)
  TIMSK0 |= _BV(TOIE0);
     e62:	80 91 6e 00 	lds	r24, 0x006E	; 0x80006e <__TEXT_REGION_LENGTH__+0x7e006e>
     e66:	81 60       	ori	r24, 0x01	; 1
     e68:	80 93 6e 00 	sts	0x006E, r24	; 0x80006e <__TEXT_REGION_LENGTH__+0x7e006e>
/home/roman/.arduino15/packages/MightyCore/hardware/avr/3.0.1/cores/MCUdude_corefiles/wiring.c:995
// this is better for motors as it ensures an even waveform
// note, however, that fast pwm mode can achieve a frequency of up
// 8 MHz (with a 16 MHz clock) at 50% duty cycle

#if defined(TCCR1B) && defined(CS11) && defined(CS10)
  TCCR1B = _BV(CS11); // Set timer 1 prescale factor to 64
     e6c:	92 e0       	ldi	r25, 0x02	; 2
     e6e:	90 93 81 00 	sts	0x0081, r25	; 0x800081 <__TEXT_REGION_LENGTH__+0x7e0081>
/home/roman/.arduino15/packages/MightyCore/hardware/avr/3.0.1/cores/MCUdude_corefiles/wiring.c:997
#if F_CPU >= 8000000L
  TCCR1B |= _BV(CS10);
     e72:	80 91 81 00 	lds	r24, 0x0081	; 0x800081 <__TEXT_REGION_LENGTH__+0x7e0081>
     e76:	81 60       	ori	r24, 0x01	; 1
     e78:	80 93 81 00 	sts	0x0081, r24	; 0x800081 <__TEXT_REGION_LENGTH__+0x7e0081>
/home/roman/.arduino15/packages/MightyCore/hardware/avr/3.0.1/cores/MCUdude_corefiles/wiring.c:1006
#if F_CPU >= 8000000L
  TCCR1 |= _BV(CS10);
#endif
#endif
#if defined(TCCR1A) && defined(WGM10)
  TCCR1A |= _BV(WGM10); // Put timer 1 in 8-bit phase correct pwm mode
     e7c:	80 91 80 00 	lds	r24, 0x0080	; 0x800080 <__TEXT_REGION_LENGTH__+0x7e0080>
     e80:	81 60       	ori	r24, 0x01	; 1
     e82:	80 93 80 00 	sts	0x0080, r24	; 0x800080 <__TEXT_REGION_LENGTH__+0x7e0080>
/home/roman/.arduino15/packages/MightyCore/hardware/avr/3.0.1/cores/MCUdude_corefiles/wiring.c:1013

// Set timer 2 prescale factor to 64
#if defined(TCCR2) && defined(CS22)
  TCCR2 |= _BV(CS22);
#elif defined(TCCR2B) && defined(CS22)
  TCCR2B |= _BV(CS22);
     e86:	80 91 b1 00 	lds	r24, 0x00B1	; 0x8000b1 <__TEXT_REGION_LENGTH__+0x7e00b1>
     e8a:	84 60       	ori	r24, 0x04	; 4
     e8c:	80 93 b1 00 	sts	0x00B1, r24	; 0x8000b1 <__TEXT_REGION_LENGTH__+0x7e00b1>
/home/roman/.arduino15/packages/MightyCore/hardware/avr/3.0.1/cores/MCUdude_corefiles/wiring.c:1022

// Configure timer 2 for phase correct pwm (8-bit)
#if defined(TCCR2) && defined(WGM20)
  TCCR2 |= _BV(WGM20);
#elif defined(TCCR2A) && defined(WGM20)
  TCCR2A |= _BV(WGM20);
     e90:	80 91 b0 00 	lds	r24, 0x00B0	; 0x8000b0 <__TEXT_REGION_LENGTH__+0x7e00b0>
     e94:	81 60       	ori	r24, 0x01	; 1
     e96:	80 93 b0 00 	sts	0x00B0, r24	; 0x8000b0 <__TEXT_REGION_LENGTH__+0x7e00b0>
/home/roman/.arduino15/packages/MightyCore/hardware/avr/3.0.1/cores/MCUdude_corefiles/wiring.c:1028
//#else
  // Timer 2 not finished (may not be present on this CPU)
#endif

#if defined(TCCR3B) && defined(CS31) && defined(WGM30)
  TCCR3B |= _BV(CS31) | _BV(CS30); // Set timer 3 prescale factor to 64
     e9a:	80 91 91 00 	lds	r24, 0x0091	; 0x800091 <__TEXT_REGION_LENGTH__+0x7e0091>
     e9e:	83 60       	ori	r24, 0x03	; 3
     ea0:	80 93 91 00 	sts	0x0091, r24	; 0x800091 <__TEXT_REGION_LENGTH__+0x7e0091>
/home/roman/.arduino15/packages/MightyCore/hardware/avr/3.0.1/cores/MCUdude_corefiles/wiring.c:1029
  TCCR3A |= _BV(WGM30);            // Put timer 3 in 8-bit phase correct pwm mode
     ea4:	80 91 90 00 	lds	r24, 0x0090	; 0x800090 <__TEXT_REGION_LENGTH__+0x7e0090>
     ea8:	81 60       	ori	r24, 0x01	; 1
     eaa:	80 93 90 00 	sts	0x0090, r24	; 0x800090 <__TEXT_REGION_LENGTH__+0x7e0090>
/home/roman/.arduino15/packages/MightyCore/hardware/avr/3.0.1/cores/MCUdude_corefiles/wiring.c:1052
#if defined(ADCSRA)
  // set a2d prescaler so we are inside the desired 50-200 KHz range.
  #if F_CPU >= 16000000 // 16 MHz / 128 = 125 KHz
    ADCSRA = _BV(ADPS2) | _BV(ADPS1) | _BV(ADPS0) | _BV(ADEN);
  #elif F_CPU >= 8000000 // 8 MHz / 64 = 125 KHz
    ADCSRA = _BV(ADPS2) | _BV(ADPS1) | _BV(ADEN);
     eae:	86 e8       	ldi	r24, 0x86	; 134
     eb0:	80 93 7a 00 	sts	0x007A, r24	; 0x80007a <__TEXT_REGION_LENGTH__+0x7e007a>
/home/roman/.arduino15/packages/MightyCore/hardware/avr/3.0.1/cores/MCUdude_corefiles/wiring.c:1070
  // here so they can be used as normal digital i/o; they will be
  // reconnected in Serial.begin()
#if defined(UCSRB)
  UCSRB = 0;
#elif defined(UCSR0B)
  UCSR0B = 0;
     eb4:	10 92 c1 00 	sts	0x00C1, r1	; 0x8000c1 <__TEXT_REGION_LENGTH__+0x7e00c1>
begin():
/home/roman/.arduino15/packages/MightyCore/hardware/avr/3.0.1/cores/MCUdude_corefiles/HardwareSerial.cpp:121

void HardwareSerial::begin(unsigned long baud, byte config)
{
  // Try u2x mode first
  uint16_t baud_setting = (F_CPU / 4 / baud - 1) / 2;
  *_ucsra = 1 << U2X0;
     eb8:	e0 91 bd 04 	lds	r30, 0x04BD	; 0x8004bd <Serial+0x10>
     ebc:	f0 91 be 04 	lds	r31, 0x04BE	; 0x8004be <Serial+0x11>
     ec0:	90 83       	st	Z, r25
/home/roman/.arduino15/packages/MightyCore/hardware/avr/3.0.1/cores/MCUdude_corefiles/HardwareSerial.cpp:135
    *_ucsra = 0;
    baud_setting = (F_CPU / 8 / baud - 1) / 2;
  }

  // assign the baud_setting, a.k.a. ubrr (USART Baud Rate Register)
  *_ubrrh = baud_setting >> 8;
     ec2:	e0 91 b9 04 	lds	r30, 0x04B9	; 0x8004b9 <Serial+0xc>
     ec6:	f0 91 ba 04 	lds	r31, 0x04BA	; 0x8004ba <Serial+0xd>
     eca:	10 82       	st	Z, r1
/home/roman/.arduino15/packages/MightyCore/hardware/avr/3.0.1/cores/MCUdude_corefiles/HardwareSerial.cpp:136
  *_ubrrl = baud_setting;
     ecc:	e0 91 bb 04 	lds	r30, 0x04BB	; 0x8004bb <Serial+0xe>
     ed0:	f0 91 bc 04 	lds	r31, 0x04BC	; 0x8004bc <Serial+0xf>
     ed4:	88 e0       	ldi	r24, 0x08	; 8
     ed6:	80 83       	st	Z, r24
/home/roman/.arduino15/packages/MightyCore/hardware/avr/3.0.1/cores/MCUdude_corefiles/HardwareSerial.cpp:138

  _written = false;
     ed8:	10 92 c5 04 	sts	0x04C5, r1	; 0x8004c5 <Serial+0x18>
/home/roman/.arduino15/packages/MightyCore/hardware/avr/3.0.1/cores/MCUdude_corefiles/HardwareSerial.cpp:146
#if defined(__AVR_ATmega8__) || defined(__AVR_ATmega8515__) || defined(__AVR_ATmega162__) \
|| defined(__AVR_ATmega8535__) || defined(__AVR_ATmega16__)|| defined(__AVR_ATmega32__)   \
|| defined(__AVR_ATmega162__)
  config |= 0x80; // select UCSRC register (shared with UBRRH)
#endif
  *_ucsrc = config;
     edc:	e0 91 c1 04 	lds	r30, 0x04C1	; 0x8004c1 <Serial+0x14>
     ee0:	f0 91 c2 04 	lds	r31, 0x04C2	; 0x8004c2 <Serial+0x15>
     ee4:	86 e0       	ldi	r24, 0x06	; 6
     ee6:	80 83       	st	Z, r24
/home/roman/.arduino15/packages/MightyCore/hardware/avr/3.0.1/cores/MCUdude_corefiles/HardwareSerial.cpp:148
  
  *_ucsrb |= _BV(RXEN0) | _BV(TXEN0) | _BV(RXCIE0);
     ee8:	e0 91 bf 04 	lds	r30, 0x04BF	; 0x8004bf <Serial+0x12>
     eec:	f0 91 c0 04 	lds	r31, 0x04C0	; 0x8004c0 <Serial+0x13>
     ef0:	80 81       	ld	r24, Z
     ef2:	88 69       	ori	r24, 0x98	; 152
     ef4:	80 83       	st	Z, r24
/home/roman/.arduino15/packages/MightyCore/hardware/avr/3.0.1/cores/MCUdude_corefiles/HardwareSerial.cpp:149
  *_ucsrb &= ~_BV(UDRIE0);
     ef6:	e0 91 bf 04 	lds	r30, 0x04BF	; 0x8004bf <Serial+0x12>
     efa:	f0 91 c0 04 	lds	r31, 0x04C0	; 0x8004c0 <Serial+0x13>
     efe:	80 81       	ld	r24, Z
     f00:	8f 7d       	andi	r24, 0xDF	; 223
     f02:	80 83       	st	Z, r24
/home/roman/.arduino15/packages/MightyCore/hardware/avr/3.0.1/libraries/Wire/src/Wire.cpp:61

// Public Methods //////////////////////////////////////////////////////////////

void TwoWire::begin(void)
{
  rxBufferIndex = 0;
     f04:	10 92 a3 04 	sts	0x04A3, r1	; 0x8004a3 <TwoWire::rxBufferIndex>
/home/roman/.arduino15/packages/MightyCore/hardware/avr/3.0.1/libraries/Wire/src/Wire.cpp:62
  rxBufferLength = 0;
     f08:	10 92 a2 04 	sts	0x04A2, r1	; 0x8004a2 <TwoWire::rxBufferLength>
/home/roman/.arduino15/packages/MightyCore/hardware/avr/3.0.1/libraries/Wire/src/Wire.cpp:64

  txBufferIndex = 0;
     f0c:	10 92 a1 04 	sts	0x04A1, r1	; 0x8004a1 <TwoWire::txBufferIndex>
/home/roman/.arduino15/packages/MightyCore/hardware/avr/3.0.1/libraries/Wire/src/Wire.cpp:65
  txBufferLength = 0;
     f10:	10 92 a0 04 	sts	0x04A0, r1	; 0x8004a0 <TwoWire::txBufferLength>
twi_init():
/home/roman/.arduino15/packages/MightyCore/hardware/avr/3.0.1/libraries/Wire/src/utility/twi.c:84
 * Output   none
 */
void twi_init(void)
{
  // initialize state
  twi_state = TWI_READY;
     f14:	10 92 9f 04 	sts	0x049F, r1	; 0x80049f <twi_state>
/home/roman/.arduino15/packages/MightyCore/hardware/avr/3.0.1/libraries/Wire/src/utility/twi.c:85
  twi_sendStop = true; // default value
     f18:	81 e0       	ldi	r24, 0x01	; 1
     f1a:	80 93 9e 04 	sts	0x049E, r24	; 0x80049e <twi_sendStop>
/home/roman/.arduino15/packages/MightyCore/hardware/avr/3.0.1/libraries/Wire/src/utility/twi.c:86
  twi_inRepStart = false;
     f1e:	10 92 9d 04 	sts	0x049D, r1	; 0x80049d <twi_inRepStart>
/home/roman/.arduino15/packages/MightyCore/hardware/avr/3.0.1/libraries/Wire/src/utility/twi.c:89

  // activate internal pullups for twi.
  digitalWrite(SDA, 1);
     f22:	81 e1       	ldi	r24, 0x11	; 17
     f24:	0e 94 a8 00 	call	0x150	; 0x150 <digitalWrite.constprop.29>
/home/roman/.arduino15/packages/MightyCore/hardware/avr/3.0.1/libraries/Wire/src/utility/twi.c:90
  digitalWrite(SCL, 1);
     f28:	80 e1       	ldi	r24, 0x10	; 16
     f2a:	0e 94 a8 00 	call	0x150	; 0x150 <digitalWrite.constprop.29>
/home/roman/.arduino15/packages/MightyCore/hardware/avr/3.0.1/libraries/Wire/src/utility/twi.c:93

  // initialize twi prescaler and bit rate
  cbi(TWSR, TWPS0);
     f2e:	80 91 b9 00 	lds	r24, 0x00B9	; 0x8000b9 <__TEXT_REGION_LENGTH__+0x7e00b9>
     f32:	8e 7f       	andi	r24, 0xFE	; 254
     f34:	80 93 b9 00 	sts	0x00B9, r24	; 0x8000b9 <__TEXT_REGION_LENGTH__+0x7e00b9>
/home/roman/.arduino15/packages/MightyCore/hardware/avr/3.0.1/libraries/Wire/src/utility/twi.c:94
  cbi(TWSR, TWPS1);
     f38:	80 91 b9 00 	lds	r24, 0x00B9	; 0x8000b9 <__TEXT_REGION_LENGTH__+0x7e00b9>
     f3c:	8d 7f       	andi	r24, 0xFD	; 253
     f3e:	80 93 b9 00 	sts	0x00B9, r24	; 0x8000b9 <__TEXT_REGION_LENGTH__+0x7e00b9>
/home/roman/.arduino15/packages/MightyCore/hardware/avr/3.0.1/libraries/Wire/src/utility/twi.c:95
  TWBR = ((F_CPU / TWI_FREQ) - 16) / 2;
     f42:	80 e2       	ldi	r24, 0x20	; 32
     f44:	80 93 b8 00 	sts	0x00B8, r24	; 0x8000b8 <__TEXT_REGION_LENGTH__+0x7e00b8>
/home/roman/.arduino15/packages/MightyCore/hardware/avr/3.0.1/libraries/Wire/src/utility/twi.c:103
  SCL Frequency = CPU Clock Frequency / (16 + (2 * TWBR))
  note: TWBR should be 10 or higher for master mode
  It is 72 for a 16mhz Wiring board with 100kHz TWI */

  // enable twi module, acks, and twi interrupt
  TWCR = _BV(TWEN) | _BV(TWIE) | _BV(TWEA);
     f48:	85 e4       	ldi	r24, 0x45	; 69
     f4a:	80 93 bc 00 	sts	0x00BC, r24	; 0x8000bc <__TEXT_REGION_LENGTH__+0x7e00bc>
twi_attachSlaveTxEvent():
/home/roman/.arduino15/packages/MightyCore/hardware/avr/3.0.1/libraries/Wire/src/utility/twi.c:408
 * Input    function: callback function to use
 * Output   none
 */
void twi_attachSlaveTxEvent( void (*function)(void) )
{
  twi_onSlaveTransmit = function;
     f4e:	84 e2       	ldi	r24, 0x24	; 36
     f50:	91 e0       	ldi	r25, 0x01	; 1
     f52:	90 93 9c 04 	sts	0x049C, r25	; 0x80049c <twi_onSlaveTransmit+0x1>
     f56:	80 93 9b 04 	sts	0x049B, r24	; 0x80049b <twi_onSlaveTransmit>
twi_attachSlaveRxEvent():
/home/roman/.arduino15/packages/MightyCore/hardware/avr/3.0.1/libraries/Wire/src/utility/twi.c:397
 * Input    function: callback function to use
 * Output   none
 */
void twi_attachSlaveRxEvent( void (*function)(uint8_t*, int) )
{
  twi_onSlaveReceive = function;
     f5a:	85 e2       	ldi	r24, 0x25	; 37
     f5c:	91 e0       	ldi	r25, 0x01	; 1
     f5e:	90 93 9a 04 	sts	0x049A, r25	; 0x80049a <twi_onSlaveReceive+0x1>
     f62:	80 93 99 04 	sts	0x0499, r24	; 0x800499 <twi_onSlaveReceive>
twi_setFrequency():
/home/roman/.arduino15/packages/MightyCore/hardware/avr/3.0.1/libraries/Wire/src/utility/twi.c:142
 * Input    Clock frequency
 * Output   none
 */
void twi_setFrequency(uint32_t frequency)
{
  TWBR = ((F_CPU / frequency) - 16) / 2;
     f66:	88 e8       	ldi	r24, 0x88	; 136
     f68:	80 93 b8 00 	sts	0x00B8, r24	; 0x8000b8 <__TEXT_REGION_LENGTH__+0x7e00b8>
loop():
/home/roman/repos/ust/THUNDERMILL01/fw/arduino/src/thundermill_fast_output_prototype_02/thundermill_fast_output_prototype_02.ino:41
}

void loop()
{
  // 1. Napájecí napětí (VM_VOLTAGE)
  unsigned long vm_raw = read32(0x478);
     f6c:	88 e7       	ldi	r24, 0x78	; 120
     f6e:	94 e0       	ldi	r25, 0x04	; 4
     f70:	0e 94 39 04 	call	0x872	; 0x872 <read32(int)>
     f74:	6b 01       	movw	r12, r22
     f76:	7c 01       	movw	r14, r24
write():
     f78:	85 e6       	ldi	r24, 0x65	; 101
     f7a:	91 e0       	ldi	r25, 0x01	; 1
     f7c:	0e 94 fa 02 	call	0x5f4	; 0x5f4 <Print::write(char const*) [clone .part.2] [clone .constprop.16]>
loop():
/home/roman/repos/ust/THUNDERMILL01/fw/arduino/src/thundermill_fast_output_prototype_02/thundermill_fast_output_prototype_02.ino:42
  float voltage = (float)vm_raw * 60.0 / 134217728.0;
     f80:	c7 01       	movw	r24, r14
     f82:	b6 01       	movw	r22, r12
     f84:	0e 94 7c 09 	call	0x12f8	; 0x12f8 <__floatunsisf>
     f88:	20 e0       	ldi	r18, 0x00	; 0
     f8a:	30 e0       	ldi	r19, 0x00	; 0
     f8c:	40 e7       	ldi	r20, 0x70	; 112
     f8e:	52 e4       	ldi	r21, 0x42	; 66
     f90:	0e 94 33 0a 	call	0x1466	; 0x1466 <__mulsf3>
     f94:	20 e0       	ldi	r18, 0x00	; 0
     f96:	30 e0       	ldi	r19, 0x00	; 0
     f98:	40 e0       	ldi	r20, 0x00	; 0
     f9a:	52 e3       	ldi	r21, 0x32	; 50
     f9c:	0e 94 33 0a 	call	0x1466	; 0x1466 <__mulsf3>
print():
/home/roman/.arduino15/packages/MightyCore/hardware/avr/3.0.1/cores/MCUdude_corefiles/Print.cpp:111
  else return printNumber(n, base);
}

size_t Print::print(double n, int digits)
{
  return printFloat(n, digits);
     fa0:	43 e0       	ldi	r20, 0x03	; 3
     fa2:	0e 94 5d 03 	call	0x6ba	; 0x6ba <Print::printFloat(double, unsigned char) [clone .constprop.5]>
loop():
/home/roman/repos/ust/THUNDERMILL01/fw/arduino/src/thundermill_fast_output_prototype_02/thundermill_fast_output_prototype_02.ino:45
  Serial.print("Napájecí napětí (VM) = ");
  Serial.print(voltage, 3);
  Serial.println(" V");
     fa6:	81 e8       	ldi	r24, 0x81	; 129
     fa8:	91 e0       	ldi	r25, 0x01	; 1
     faa:	0e 94 4b 03 	call	0x696	; 0x696 <Print::println(char const*) [clone .constprop.13]>
/home/roman/repos/ust/THUNDERMILL01/fw/arduino/src/thundermill_fast_output_prototype_02/thundermill_fast_output_prototype_02.ino:48

  // 2. Odběr proudu (BUS_CURRENT)
  unsigned long bus_current_raw = read32(0x410);
     fae:	80 e1       	ldi	r24, 0x10	; 16
     fb0:	94 e0       	ldi	r25, 0x04	; 4
     fb2:	0e 94 39 04 	call	0x872	; 0x872 <read32(int)>
     fb6:	6b 01       	movw	r12, r22
     fb8:	7c 01       	movw	r14, r24
write():
     fba:	84 e8       	ldi	r24, 0x84	; 132
     fbc:	91 e0       	ldi	r25, 0x01	; 1
     fbe:	0e 94 fa 02 	call	0x5f4	; 0x5f4 <Print::write(char const*) [clone .part.2] [clone .constprop.16]>
loop():
/home/roman/repos/ust/THUNDERMILL01/fw/arduino/src/thundermill_fast_output_prototype_02/thundermill_fast_output_prototype_02.ino:49
  float current = (float)bus_current_raw / 134217728.0 * 1.25;
     fc2:	c7 01       	movw	r24, r14
     fc4:	b6 01       	movw	r22, r12
     fc6:	0e 94 7c 09 	call	0x12f8	; 0x12f8 <__floatunsisf>
     fca:	20 e0       	ldi	r18, 0x00	; 0
     fcc:	30 e0       	ldi	r19, 0x00	; 0
     fce:	40 e0       	ldi	r20, 0x00	; 0
     fd0:	52 e3       	ldi	r21, 0x32	; 50
     fd2:	0e 94 33 0a 	call	0x1466	; 0x1466 <__mulsf3>
     fd6:	20 e0       	ldi	r18, 0x00	; 0
     fd8:	30 e0       	ldi	r19, 0x00	; 0
     fda:	40 ea       	ldi	r20, 0xA0	; 160
     fdc:	5f e3       	ldi	r21, 0x3F	; 63
     fde:	0e 94 33 0a 	call	0x1466	; 0x1466 <__mulsf3>
print():
/home/roman/.arduino15/packages/MightyCore/hardware/avr/3.0.1/cores/MCUdude_corefiles/Print.cpp:111
     fe2:	44 e0       	ldi	r20, 0x04	; 4
     fe4:	0e 94 5d 03 	call	0x6ba	; 0x6ba <Print::printFloat(double, unsigned char) [clone .constprop.5]>
loop():
/home/roman/repos/ust/THUNDERMILL01/fw/arduino/src/thundermill_fast_output_prototype_02/thundermill_fast_output_prototype_02.ino:52
  Serial.print("Odběr proudu (Ibus) = ");
  Serial.print(current, 4);
  Serial.println(" A");
     fe8:	8c e9       	ldi	r24, 0x9C	; 156
     fea:	91 e0       	ldi	r25, 0x01	; 1
     fec:	0e 94 4b 03 	call	0x696	; 0x696 <Print::println(char const*) [clone .constprop.13]>
/home/roman/repos/ust/THUNDERMILL01/fw/arduino/src/thundermill_fast_output_prototype_02/thundermill_fast_output_prototype_02.ino:55

  // 3. Otáčky (FG_SPEED_FDBK)
  unsigned long speed_raw = read32(0x216);
     ff0:	86 e1       	ldi	r24, 0x16	; 22
     ff2:	92 e0       	ldi	r25, 0x02	; 2
     ff4:	0e 94 39 04 	call	0x872	; 0x872 <read32(int)>
     ff8:	6b 01       	movw	r12, r22
     ffa:	7c 01       	movw	r14, r24
write():
     ffc:	8f e9       	ldi	r24, 0x9F	; 159
     ffe:	91 e0       	ldi	r25, 0x01	; 1
    1000:	0e 94 fa 02 	call	0x5f4	; 0x5f4 <Print::write(char const*) [clone .part.2] [clone .constprop.16]>
loop():
/home/roman/repos/ust/THUNDERMILL01/fw/arduino/src/thundermill_fast_output_prototype_02/thundermill_fast_output_prototype_02.ino:57
  const float MAX_SPEED = 500.0; // dosaď skutečnou hodnotu
  float speed_hz = (float)speed_raw / 134217728.0 * MAX_SPEED;
    1004:	c7 01       	movw	r24, r14
    1006:	b6 01       	movw	r22, r12
    1008:	0e 94 7c 09 	call	0x12f8	; 0x12f8 <__floatunsisf>
    100c:	20 e0       	ldi	r18, 0x00	; 0
    100e:	30 e0       	ldi	r19, 0x00	; 0
    1010:	40 e0       	ldi	r20, 0x00	; 0
    1012:	52 e3       	ldi	r21, 0x32	; 50
    1014:	0e 94 33 0a 	call	0x1466	; 0x1466 <__mulsf3>
    1018:	20 e0       	ldi	r18, 0x00	; 0
    101a:	30 e0       	ldi	r19, 0x00	; 0
    101c:	4a ef       	ldi	r20, 0xFA	; 250
    101e:	53 e4       	ldi	r21, 0x43	; 67
    1020:	0e 94 33 0a 	call	0x1466	; 0x1466 <__mulsf3>
print():
/home/roman/.arduino15/packages/MightyCore/hardware/avr/3.0.1/cores/MCUdude_corefiles/Print.cpp:111
    1024:	42 e0       	ldi	r20, 0x02	; 2
    1026:	0e 94 5d 03 	call	0x6ba	; 0x6ba <Print::printFloat(double, unsigned char) [clone .constprop.5]>
loop():
/home/roman/repos/ust/THUNDERMILL01/fw/arduino/src/thundermill_fast_output_prototype_02/thundermill_fast_output_prototype_02.ino:60
  Serial.print("Otáčky (FG_SPEED_FDBK) = ");
  Serial.print(speed_hz, 2);
  Serial.println(" Hz");
    102a:	8b eb       	ldi	r24, 0xBB	; 187
    102c:	91 e0       	ldi	r25, 0x01	; 1
    102e:	0e 94 4b 03 	call	0x696	; 0x696 <Print::println(char const*) [clone .constprop.13]>
/home/roman/repos/ust/THUNDERMILL01/fw/arduino/src/thundermill_fast_output_prototype_02/thundermill_fast_output_prototype_02.ino:63

  // 4. Stav algoritmu (ALGORITHM_STATE)
  unsigned long alg_state_raw = read32(0x210);
    1032:	80 e1       	ldi	r24, 0x10	; 16
    1034:	92 e0       	ldi	r25, 0x02	; 2
    1036:	0e 94 39 04 	call	0x872	; 0x872 <read32(int)>
    103a:	6b 01       	movw	r12, r22
    103c:	7c 01       	movw	r14, r24
write():
    103e:	8f eb       	ldi	r24, 0xBF	; 191
    1040:	91 e0       	ldi	r25, 0x01	; 1
    1042:	0e 94 fa 02 	call	0x5f4	; 0x5f4 <Print::write(char const*) [clone .part.2] [clone .constprop.16]>
print():
/home/roman/.arduino15/packages/MightyCore/hardware/avr/3.0.1/cores/MCUdude_corefiles/Print.cpp:106
}

size_t Print::print(unsigned long n, int base)
{
  if (base == 0) return write(n);
  else return printNumber(n, base);
    1046:	c7 01       	movw	r24, r14
    1048:	b6 01       	movw	r22, r12
    104a:	88 27       	eor	r24, r24
    104c:	99 27       	eor	r25, r25
    104e:	40 e1       	ldi	r20, 0x10	; 16
    1050:	0e 94 07 03 	call	0x60e	; 0x60e <Print::printNumber(unsigned long, unsigned char) [clone .constprop.11]>
write():
    1054:	87 eb       	ldi	r24, 0xB7	; 183
    1056:	91 e0       	ldi	r25, 0x01	; 1
    1058:	0e 94 fa 02 	call	0x5f4	; 0x5f4 <Print::write(char const*) [clone .part.2] [clone .constprop.16]>
loop():
/home/roman/repos/ust/THUNDERMILL01/fw/arduino/src/thundermill_fast_output_prototype_02/thundermill_fast_output_prototype_02.ino:71
  Serial.print(alg_state, HEX);
  Serial.print(" = ");
  if (alg_state < sizeof(motor_states)/sizeof(motor_states[0]))
    Serial.println(motor_states[alg_state]);
  else
    Serial.println("NEZNÁMÝ_STAV");
    105c:	85 ee       	ldi	r24, 0xE5	; 229
    105e:	91 e0       	ldi	r25, 0x01	; 1
/home/roman/repos/ust/THUNDERMILL01/fw/arduino/src/thundermill_fast_output_prototype_02/thundermill_fast_output_prototype_02.ino:68
  unsigned long alg_state_raw = read32(0x210);
  uint16_t alg_state = alg_state_raw & 0xFFFF; // spodních 16 bitů
  Serial.print("Stav algoritmu (ALGORITHM_STATE) = 0x");
  Serial.print(alg_state, HEX);
  Serial.print(" = ");
  if (alg_state < sizeof(motor_states)/sizeof(motor_states[0]))
    1060:	29 e1       	ldi	r18, 0x19	; 25
    1062:	c2 16       	cp	r12, r18
    1064:	d1 04       	cpc	r13, r1
    1066:	38 f4       	brcc	.+14     	; 0x1076 <main+0x222>
/home/roman/repos/ust/THUNDERMILL01/fw/arduino/src/thundermill_fast_output_prototype_02/thundermill_fast_output_prototype_02.ino:69
    Serial.println(motor_states[alg_state]);
    1068:	f6 01       	movw	r30, r12
    106a:	ee 0f       	add	r30, r30
    106c:	ff 1f       	adc	r31, r31
    106e:	e0 50       	subi	r30, 0x00	; 0
    1070:	ff 4f       	sbci	r31, 0xFF	; 255
    1072:	80 81       	ld	r24, Z
    1074:	91 81       	ldd	r25, Z+1	; 0x01
/home/roman/repos/ust/THUNDERMILL01/fw/arduino/src/thundermill_fast_output_prototype_02/thundermill_fast_output_prototype_02.ino:71
  else
    Serial.println("NEZNÁMÝ_STAV");
    1076:	0e 94 4b 03 	call	0x696	; 0x696 <Print::println(char const*) [clone .constprop.13]>
/home/roman/repos/ust/THUNDERMILL01/fw/arduino/src/thundermill_fast_output_prototype_02/thundermill_fast_output_prototype_02.ino:73

  Serial.println("------");
    107a:	84 ef       	ldi	r24, 0xF4	; 244
    107c:	91 e0       	ldi	r25, 0x01	; 1
    107e:	0e 94 4b 03 	call	0x696	; 0x696 <Print::println(char const*) [clone .constprop.13]>
delay():
/home/roman/.arduino15/packages/MightyCore/hardware/avr/3.0.1/cores/MCUdude_corefiles/wiring.c:397
#endif // 0
}

void delay(unsigned long ms)
{
  unsigned long start = micros();
    1082:	0e 94 ff 00 	call	0x1fe	; 0x1fe <micros>
    1086:	4b 01       	movw	r8, r22
    1088:	5c 01       	movw	r10, r24
    108a:	88 ee       	ldi	r24, 0xE8	; 232
    108c:	c8 2e       	mov	r12, r24
    108e:	83 e0       	ldi	r24, 0x03	; 3
    1090:	d8 2e       	mov	r13, r24
    1092:	e1 2c       	mov	r14, r1
    1094:	f1 2c       	mov	r15, r1
/home/roman/.arduino15/packages/MightyCore/hardware/avr/3.0.1/cores/MCUdude_corefiles/wiring.c:401

  while (ms > 0UL) {
    yield();
    while (ms > 0UL && (micros() - start) >= 1000UL) {
    1096:	0e 94 ff 00 	call	0x1fe	; 0x1fe <micros>
    109a:	68 19       	sub	r22, r8
    109c:	79 09       	sbc	r23, r9
    109e:	8a 09       	sbc	r24, r10
    10a0:	9b 09       	sbc	r25, r11
    10a2:	68 3e       	cpi	r22, 0xE8	; 232
    10a4:	73 40       	sbci	r23, 0x03	; 3
    10a6:	81 05       	cpc	r24, r1
    10a8:	91 05       	cpc	r25, r1
    10aa:	a8 f3       	brcs	.-22     	; 0x1096 <main+0x242>
/home/roman/.arduino15/packages/MightyCore/hardware/avr/3.0.1/cores/MCUdude_corefiles/wiring.c:402
      ms--;
    10ac:	81 e0       	ldi	r24, 0x01	; 1
    10ae:	c8 1a       	sub	r12, r24
    10b0:	d1 08       	sbc	r13, r1
    10b2:	e1 08       	sbc	r14, r1
    10b4:	f1 08       	sbc	r15, r1
/home/roman/.arduino15/packages/MightyCore/hardware/avr/3.0.1/cores/MCUdude_corefiles/wiring.c:403
      start += 1000UL;
    10b6:	28 ee       	ldi	r18, 0xE8	; 232
    10b8:	82 0e       	add	r8, r18
    10ba:	23 e0       	ldi	r18, 0x03	; 3
    10bc:	92 1e       	adc	r9, r18
    10be:	a1 1c       	adc	r10, r1
    10c0:	b1 1c       	adc	r11, r1
/home/roman/.arduino15/packages/MightyCore/hardware/avr/3.0.1/cores/MCUdude_corefiles/wiring.c:401
{
  unsigned long start = micros();

  while (ms > 0UL) {
    yield();
    while (ms > 0UL && (micros() - start) >= 1000UL) {
    10c2:	c1 14       	cp	r12, r1
    10c4:	d1 04       	cpc	r13, r1
    10c6:	e1 04       	cpc	r14, r1
    10c8:	f1 04       	cpc	r15, r1
    10ca:	29 f7       	brne	.-54     	; 0x1096 <main+0x242>
main():
/home/roman/.arduino15/packages/MightyCore/hardware/avr/3.0.1/cores/MCUdude_corefiles/main.cpp:47
  
  setup();
    
  for (;;) {
    loop();
    if (serialEventRun) serialEventRun();
    10cc:	0e 94 29 02 	call	0x452	; 0x452 <serialEventRun()>
    10d0:	4d cf       	rjmp	.-358    	; 0xf6c <main+0x118>

000010d2 <__subsf3>:
__subsf3():
    10d2:	50 58       	subi	r21, 0x80	; 128

000010d4 <__addsf3>:
    10d4:	bb 27       	eor	r27, r27
    10d6:	aa 27       	eor	r26, r26
    10d8:	0e 94 81 08 	call	0x1102	; 0x1102 <__addsf3x>
    10dc:	0c 94 f4 09 	jmp	0x13e8	; 0x13e8 <__fp_round>
__addsf3():
    10e0:	0e 94 e6 09 	call	0x13cc	; 0x13cc <__fp_pscA>
    10e4:	38 f0       	brcs	.+14     	; 0x10f4 <__addsf3+0x20>
    10e6:	0e 94 ed 09 	call	0x13da	; 0x13da <__fp_pscB>
    10ea:	20 f0       	brcs	.+8      	; 0x10f4 <__addsf3+0x20>
    10ec:	39 f4       	brne	.+14     	; 0x10fc <__addsf3+0x28>
    10ee:	9f 3f       	cpi	r25, 0xFF	; 255
    10f0:	19 f4       	brne	.+6      	; 0x10f8 <__addsf3+0x24>
    10f2:	26 f4       	brtc	.+8      	; 0x10fc <__addsf3+0x28>
    10f4:	0c 94 e3 09 	jmp	0x13c6	; 0x13c6 <__fp_nan>
    10f8:	0e f4       	brtc	.+2      	; 0x10fc <__addsf3+0x28>
    10fa:	e0 95       	com	r30
    10fc:	e7 fb       	bst	r30, 7
    10fe:	0c 94 dd 09 	jmp	0x13ba	; 0x13ba <__fp_inf>

00001102 <__addsf3x>:
__addsf3x():
    1102:	e9 2f       	mov	r30, r25
    1104:	0e 94 05 0a 	call	0x140a	; 0x140a <__fp_split3>
    1108:	58 f3       	brcs	.-42     	; 0x10e0 <__addsf3+0xc>
    110a:	ba 17       	cp	r27, r26
    110c:	62 07       	cpc	r22, r18
    110e:	73 07       	cpc	r23, r19
    1110:	84 07       	cpc	r24, r20
    1112:	95 07       	cpc	r25, r21
    1114:	20 f0       	brcs	.+8      	; 0x111e <__addsf3x+0x1c>
    1116:	79 f4       	brne	.+30     	; 0x1136 <__addsf3x+0x34>
    1118:	a6 f5       	brtc	.+104    	; 0x1182 <__addsf3x+0x80>
    111a:	0c 94 27 0a 	jmp	0x144e	; 0x144e <__fp_zero>
    111e:	0e f4       	brtc	.+2      	; 0x1122 <__addsf3x+0x20>
    1120:	e0 95       	com	r30
    1122:	0b 2e       	mov	r0, r27
    1124:	ba 2f       	mov	r27, r26
    1126:	a0 2d       	mov	r26, r0
    1128:	0b 01       	movw	r0, r22
    112a:	b9 01       	movw	r22, r18
    112c:	90 01       	movw	r18, r0
    112e:	0c 01       	movw	r0, r24
    1130:	ca 01       	movw	r24, r20
    1132:	a0 01       	movw	r20, r0
    1134:	11 24       	eor	r1, r1
    1136:	ff 27       	eor	r31, r31
    1138:	59 1b       	sub	r21, r25
    113a:	99 f0       	breq	.+38     	; 0x1162 <__addsf3x+0x60>
    113c:	59 3f       	cpi	r21, 0xF9	; 249
    113e:	50 f4       	brcc	.+20     	; 0x1154 <__addsf3x+0x52>
    1140:	50 3e       	cpi	r21, 0xE0	; 224
    1142:	68 f1       	brcs	.+90     	; 0x119e <__addsf3x+0x9c>
    1144:	1a 16       	cp	r1, r26
    1146:	f0 40       	sbci	r31, 0x00	; 0
    1148:	a2 2f       	mov	r26, r18
    114a:	23 2f       	mov	r18, r19
    114c:	34 2f       	mov	r19, r20
    114e:	44 27       	eor	r20, r20
    1150:	58 5f       	subi	r21, 0xF8	; 248
    1152:	f3 cf       	rjmp	.-26     	; 0x113a <__addsf3x+0x38>
    1154:	46 95       	lsr	r20
    1156:	37 95       	ror	r19
    1158:	27 95       	ror	r18
    115a:	a7 95       	ror	r26
    115c:	f0 40       	sbci	r31, 0x00	; 0
    115e:	53 95       	inc	r21
    1160:	c9 f7       	brne	.-14     	; 0x1154 <__addsf3x+0x52>
    1162:	7e f4       	brtc	.+30     	; 0x1182 <__addsf3x+0x80>
    1164:	1f 16       	cp	r1, r31
    1166:	ba 0b       	sbc	r27, r26
    1168:	62 0b       	sbc	r22, r18
    116a:	73 0b       	sbc	r23, r19
    116c:	84 0b       	sbc	r24, r20
    116e:	ba f0       	brmi	.+46     	; 0x119e <__addsf3x+0x9c>
    1170:	91 50       	subi	r25, 0x01	; 1
    1172:	a1 f0       	breq	.+40     	; 0x119c <__addsf3x+0x9a>
    1174:	ff 0f       	add	r31, r31
    1176:	bb 1f       	adc	r27, r27
    1178:	66 1f       	adc	r22, r22
    117a:	77 1f       	adc	r23, r23
    117c:	88 1f       	adc	r24, r24
    117e:	c2 f7       	brpl	.-16     	; 0x1170 <__addsf3x+0x6e>
    1180:	0e c0       	rjmp	.+28     	; 0x119e <__addsf3x+0x9c>
    1182:	ba 0f       	add	r27, r26
    1184:	62 1f       	adc	r22, r18
    1186:	73 1f       	adc	r23, r19
    1188:	84 1f       	adc	r24, r20
    118a:	48 f4       	brcc	.+18     	; 0x119e <__addsf3x+0x9c>
    118c:	87 95       	ror	r24
    118e:	77 95       	ror	r23
    1190:	67 95       	ror	r22
    1192:	b7 95       	ror	r27
    1194:	f7 95       	ror	r31
    1196:	9e 3f       	cpi	r25, 0xFE	; 254
    1198:	08 f0       	brcs	.+2      	; 0x119c <__addsf3x+0x9a>
    119a:	b0 cf       	rjmp	.-160    	; 0x10fc <__addsf3+0x28>
    119c:	93 95       	inc	r25
    119e:	88 0f       	add	r24, r24
    11a0:	08 f0       	brcs	.+2      	; 0x11a4 <__addsf3x+0xa2>
    11a2:	99 27       	eor	r25, r25
    11a4:	ee 0f       	add	r30, r30
    11a6:	97 95       	ror	r25
    11a8:	87 95       	ror	r24
    11aa:	08 95       	ret

000011ac <__cmpsf2>:
    11ac:	0e 94 b9 09 	call	0x1372	; 0x1372 <__fp_cmp>
    11b0:	08 f4       	brcc	.+2      	; 0x11b4 <__cmpsf2+0x8>
    11b2:	81 e0       	ldi	r24, 0x01	; 1
    11b4:	08 95       	ret

000011b6 <__divsf3>:
    11b6:	0e 94 ef 08 	call	0x11de	; 0x11de <__divsf3x>
    11ba:	0c 94 f4 09 	jmp	0x13e8	; 0x13e8 <__fp_round>
    11be:	0e 94 ed 09 	call	0x13da	; 0x13da <__fp_pscB>
    11c2:	58 f0       	brcs	.+22     	; 0x11da <__divsf3+0x24>
    11c4:	0e 94 e6 09 	call	0x13cc	; 0x13cc <__fp_pscA>
    11c8:	40 f0       	brcs	.+16     	; 0x11da <__divsf3+0x24>
    11ca:	29 f4       	brne	.+10     	; 0x11d6 <__divsf3+0x20>
    11cc:	5f 3f       	cpi	r21, 0xFF	; 255
__divsf3():
    11ce:	29 f0       	breq	.+10     	; 0x11da <__divsf3+0x24>
    11d0:	0c 94 dd 09 	jmp	0x13ba	; 0x13ba <__fp_inf>
    11d4:	51 11       	cpse	r21, r1
    11d6:	0c 94 28 0a 	jmp	0x1450	; 0x1450 <__fp_szero>
    11da:	0c 94 e3 09 	jmp	0x13c6	; 0x13c6 <__fp_nan>

000011de <__divsf3x>:
__divsf3x():
    11de:	0e 94 05 0a 	call	0x140a	; 0x140a <__fp_split3>
    11e2:	68 f3       	brcs	.-38     	; 0x11be <__divsf3+0x8>

000011e4 <__divsf3_pse>:
    11e4:	99 23       	and	r25, r25
    11e6:	b1 f3       	breq	.-20     	; 0x11d4 <__divsf3+0x1e>
    11e8:	55 23       	and	r21, r21
    11ea:	91 f3       	breq	.-28     	; 0x11d0 <__divsf3+0x1a>
    11ec:	95 1b       	sub	r25, r21
    11ee:	55 0b       	sbc	r21, r21
    11f0:	bb 27       	eor	r27, r27
    11f2:	aa 27       	eor	r26, r26
    11f4:	62 17       	cp	r22, r18
    11f6:	73 07       	cpc	r23, r19
    11f8:	84 07       	cpc	r24, r20
    11fa:	38 f0       	brcs	.+14     	; 0x120a <__divsf3_pse+0x26>
    11fc:	9f 5f       	subi	r25, 0xFF	; 255
    11fe:	5f 4f       	sbci	r21, 0xFF	; 255
    1200:	22 0f       	add	r18, r18
    1202:	33 1f       	adc	r19, r19
    1204:	44 1f       	adc	r20, r20
    1206:	aa 1f       	adc	r26, r26
    1208:	a9 f3       	breq	.-22     	; 0x11f4 <__divsf3_pse+0x10>
    120a:	35 d0       	rcall	.+106    	; 0x1276 <__divsf3_pse+0x92>
    120c:	0e 2e       	mov	r0, r30
    120e:	3a f0       	brmi	.+14     	; 0x121e <__divsf3_pse+0x3a>
    1210:	e0 e8       	ldi	r30, 0x80	; 128
    1212:	32 d0       	rcall	.+100    	; 0x1278 <__divsf3_pse+0x94>
    1214:	91 50       	subi	r25, 0x01	; 1
    1216:	50 40       	sbci	r21, 0x00	; 0
    1218:	e6 95       	lsr	r30
    121a:	00 1c       	adc	r0, r0
    121c:	ca f7       	brpl	.-14     	; 0x1210 <__divsf3_pse+0x2c>
    121e:	2b d0       	rcall	.+86     	; 0x1276 <__divsf3_pse+0x92>
    1220:	fe 2f       	mov	r31, r30
    1222:	29 d0       	rcall	.+82     	; 0x1276 <__divsf3_pse+0x92>
    1224:	66 0f       	add	r22, r22
    1226:	77 1f       	adc	r23, r23
    1228:	88 1f       	adc	r24, r24
    122a:	bb 1f       	adc	r27, r27
    122c:	26 17       	cp	r18, r22
    122e:	37 07       	cpc	r19, r23
    1230:	48 07       	cpc	r20, r24
    1232:	ab 07       	cpc	r26, r27
    1234:	b0 e8       	ldi	r27, 0x80	; 128
    1236:	09 f0       	breq	.+2      	; 0x123a <__divsf3_pse+0x56>
    1238:	bb 0b       	sbc	r27, r27
    123a:	80 2d       	mov	r24, r0
    123c:	bf 01       	movw	r22, r30
    123e:	ff 27       	eor	r31, r31
    1240:	93 58       	subi	r25, 0x83	; 131
    1242:	5f 4f       	sbci	r21, 0xFF	; 255
    1244:	3a f0       	brmi	.+14     	; 0x1254 <__divsf3_pse+0x70>
    1246:	9e 3f       	cpi	r25, 0xFE	; 254
    1248:	51 05       	cpc	r21, r1
    124a:	78 f0       	brcs	.+30     	; 0x126a <__divsf3_pse+0x86>
    124c:	0c 94 dd 09 	jmp	0x13ba	; 0x13ba <__fp_inf>
    1250:	0c 94 28 0a 	jmp	0x1450	; 0x1450 <__fp_szero>
    1254:	5f 3f       	cpi	r21, 0xFF	; 255
    1256:	e4 f3       	brlt	.-8      	; 0x1250 <__divsf3_pse+0x6c>
    1258:	98 3e       	cpi	r25, 0xE8	; 232
    125a:	d4 f3       	brlt	.-12     	; 0x1250 <__divsf3_pse+0x6c>
    125c:	86 95       	lsr	r24
    125e:	77 95       	ror	r23
    1260:	67 95       	ror	r22
    1262:	b7 95       	ror	r27
    1264:	f7 95       	ror	r31
    1266:	9f 5f       	subi	r25, 0xFF	; 255
    1268:	c9 f7       	brne	.-14     	; 0x125c <__divsf3_pse+0x78>
    126a:	88 0f       	add	r24, r24
    126c:	91 1d       	adc	r25, r1
    126e:	96 95       	lsr	r25
    1270:	87 95       	ror	r24
    1272:	97 f9       	bld	r25, 7
    1274:	08 95       	ret
    1276:	e1 e0       	ldi	r30, 0x01	; 1
    1278:	66 0f       	add	r22, r22
    127a:	77 1f       	adc	r23, r23
    127c:	88 1f       	adc	r24, r24
    127e:	bb 1f       	adc	r27, r27
    1280:	62 17       	cp	r22, r18
    1282:	73 07       	cpc	r23, r19
    1284:	84 07       	cpc	r24, r20
    1286:	ba 07       	cpc	r27, r26
    1288:	20 f0       	brcs	.+8      	; 0x1292 <__divsf3_pse+0xae>
    128a:	62 1b       	sub	r22, r18
    128c:	73 0b       	sbc	r23, r19
    128e:	84 0b       	sbc	r24, r20
    1290:	ba 0b       	sbc	r27, r26
    1292:	ee 1f       	adc	r30, r30
    1294:	88 f7       	brcc	.-30     	; 0x1278 <__divsf3_pse+0x94>
    1296:	e0 95       	com	r30
    1298:	08 95       	ret

0000129a <__fixunssfsi>:
    129a:	0e 94 0d 0a 	call	0x141a	; 0x141a <__fp_splitA>
    129e:	88 f0       	brcs	.+34     	; 0x12c2 <__fixunssfsi+0x28>
    12a0:	9f 57       	subi	r25, 0x7F	; 127
    12a2:	98 f0       	brcs	.+38     	; 0x12ca <__fixunssfsi+0x30>
    12a4:	b9 2f       	mov	r27, r25
    12a6:	99 27       	eor	r25, r25
    12a8:	b7 51       	subi	r27, 0x17	; 23
    12aa:	b0 f0       	brcs	.+44     	; 0x12d8 <__fixunssfsi+0x3e>
    12ac:	e1 f0       	breq	.+56     	; 0x12e6 <__fixunssfsi+0x4c>
    12ae:	66 0f       	add	r22, r22
    12b0:	77 1f       	adc	r23, r23
    12b2:	88 1f       	adc	r24, r24
    12b4:	99 1f       	adc	r25, r25
    12b6:	1a f0       	brmi	.+6      	; 0x12be <__fixunssfsi+0x24>
    12b8:	ba 95       	dec	r27
__fixunssfsi():
    12ba:	c9 f7       	brne	.-14     	; 0x12ae <__fixunssfsi+0x14>
    12bc:	14 c0       	rjmp	.+40     	; 0x12e6 <__fixunssfsi+0x4c>
    12be:	b1 30       	cpi	r27, 0x01	; 1
    12c0:	91 f0       	breq	.+36     	; 0x12e6 <__fixunssfsi+0x4c>
    12c2:	0e 94 27 0a 	call	0x144e	; 0x144e <__fp_zero>
    12c6:	b1 e0       	ldi	r27, 0x01	; 1
    12c8:	08 95       	ret
    12ca:	0c 94 27 0a 	jmp	0x144e	; 0x144e <__fp_zero>
    12ce:	67 2f       	mov	r22, r23
    12d0:	78 2f       	mov	r23, r24
    12d2:	88 27       	eor	r24, r24
    12d4:	b8 5f       	subi	r27, 0xF8	; 248
    12d6:	39 f0       	breq	.+14     	; 0x12e6 <__fixunssfsi+0x4c>
    12d8:	b9 3f       	cpi	r27, 0xF9	; 249
    12da:	cc f3       	brlt	.-14     	; 0x12ce <__fixunssfsi+0x34>
    12dc:	86 95       	lsr	r24
    12de:	77 95       	ror	r23
    12e0:	67 95       	ror	r22
    12e2:	b3 95       	inc	r27
    12e4:	d9 f7       	brne	.-10     	; 0x12dc <__fixunssfsi+0x42>
    12e6:	3e f4       	brtc	.+14     	; 0x12f6 <__fixunssfsi+0x5c>
    12e8:	90 95       	com	r25
    12ea:	80 95       	com	r24
    12ec:	70 95       	com	r23
    12ee:	61 95       	neg	r22
    12f0:	7f 4f       	sbci	r23, 0xFF	; 255
    12f2:	8f 4f       	sbci	r24, 0xFF	; 255
    12f4:	9f 4f       	sbci	r25, 0xFF	; 255
    12f6:	08 95       	ret

000012f8 <__floatunsisf>:
__floatunsisf():
    12f8:	e8 94       	clt
    12fa:	09 c0       	rjmp	.+18     	; 0x130e <__floatsisf+0x12>

000012fc <__floatsisf>:
    12fc:	97 fb       	bst	r25, 7
    12fe:	3e f4       	brtc	.+14     	; 0x130e <__floatsisf+0x12>
    1300:	90 95       	com	r25
    1302:	80 95       	com	r24
    1304:	70 95       	com	r23
    1306:	61 95       	neg	r22
    1308:	7f 4f       	sbci	r23, 0xFF	; 255
    130a:	8f 4f       	sbci	r24, 0xFF	; 255
    130c:	9f 4f       	sbci	r25, 0xFF	; 255
    130e:	99 23       	and	r25, r25
    1310:	a9 f0       	breq	.+42     	; 0x133c <__floatsisf+0x40>
    1312:	f9 2f       	mov	r31, r25
    1314:	96 e9       	ldi	r25, 0x96	; 150
    1316:	bb 27       	eor	r27, r27
    1318:	93 95       	inc	r25
    131a:	f6 95       	lsr	r31
    131c:	87 95       	ror	r24
    131e:	77 95       	ror	r23
    1320:	67 95       	ror	r22
    1322:	b7 95       	ror	r27
    1324:	f1 11       	cpse	r31, r1
    1326:	f8 cf       	rjmp	.-16     	; 0x1318 <__floatsisf+0x1c>
    1328:	fa f4       	brpl	.+62     	; 0x1368 <__floatsisf+0x6c>
    132a:	bb 0f       	add	r27, r27
    132c:	11 f4       	brne	.+4      	; 0x1332 <__floatsisf+0x36>
    132e:	60 ff       	sbrs	r22, 0
    1330:	1b c0       	rjmp	.+54     	; 0x1368 <__floatsisf+0x6c>
    1332:	6f 5f       	subi	r22, 0xFF	; 255
    1334:	7f 4f       	sbci	r23, 0xFF	; 255
    1336:	8f 4f       	sbci	r24, 0xFF	; 255
    1338:	9f 4f       	sbci	r25, 0xFF	; 255
    133a:	16 c0       	rjmp	.+44     	; 0x1368 <__floatsisf+0x6c>
    133c:	88 23       	and	r24, r24
    133e:	11 f0       	breq	.+4      	; 0x1344 <__floatsisf+0x48>
    1340:	96 e9       	ldi	r25, 0x96	; 150
    1342:	11 c0       	rjmp	.+34     	; 0x1366 <__floatsisf+0x6a>
    1344:	77 23       	and	r23, r23
    1346:	21 f0       	breq	.+8      	; 0x1350 <__floatsisf+0x54>
    1348:	9e e8       	ldi	r25, 0x8E	; 142
    134a:	87 2f       	mov	r24, r23
    134c:	76 2f       	mov	r23, r22
    134e:	05 c0       	rjmp	.+10     	; 0x135a <__floatsisf+0x5e>
    1350:	66 23       	and	r22, r22
    1352:	71 f0       	breq	.+28     	; 0x1370 <__floatsisf+0x74>
    1354:	96 e8       	ldi	r25, 0x86	; 134
    1356:	86 2f       	mov	r24, r22
    1358:	70 e0       	ldi	r23, 0x00	; 0
    135a:	60 e0       	ldi	r22, 0x00	; 0
    135c:	2a f0       	brmi	.+10     	; 0x1368 <__floatsisf+0x6c>
    135e:	9a 95       	dec	r25
    1360:	66 0f       	add	r22, r22
    1362:	77 1f       	adc	r23, r23
    1364:	88 1f       	adc	r24, r24
    1366:	da f7       	brpl	.-10     	; 0x135e <__floatsisf+0x62>
    1368:	88 0f       	add	r24, r24
    136a:	96 95       	lsr	r25
    136c:	87 95       	ror	r24
    136e:	97 f9       	bld	r25, 7
    1370:	08 95       	ret

00001372 <__fp_cmp>:
__fp_cmp():
    1372:	99 0f       	add	r25, r25
    1374:	00 08       	sbc	r0, r0
    1376:	55 0f       	add	r21, r21
    1378:	aa 0b       	sbc	r26, r26
    137a:	e0 e8       	ldi	r30, 0x80	; 128
    137c:	fe ef       	ldi	r31, 0xFE	; 254
    137e:	16 16       	cp	r1, r22
    1380:	17 06       	cpc	r1, r23
    1382:	e8 07       	cpc	r30, r24
    1384:	f9 07       	cpc	r31, r25
    1386:	c0 f0       	brcs	.+48     	; 0x13b8 <__fp_cmp+0x46>
    1388:	12 16       	cp	r1, r18
    138a:	13 06       	cpc	r1, r19
    138c:	e4 07       	cpc	r30, r20
    138e:	f5 07       	cpc	r31, r21
    1390:	98 f0       	brcs	.+38     	; 0x13b8 <__fp_cmp+0x46>
    1392:	62 1b       	sub	r22, r18
    1394:	73 0b       	sbc	r23, r19
    1396:	84 0b       	sbc	r24, r20
    1398:	95 0b       	sbc	r25, r21
    139a:	39 f4       	brne	.+14     	; 0x13aa <__fp_cmp+0x38>
    139c:	0a 26       	eor	r0, r26
    139e:	61 f0       	breq	.+24     	; 0x13b8 <__fp_cmp+0x46>
    13a0:	23 2b       	or	r18, r19
    13a2:	24 2b       	or	r18, r20
    13a4:	25 2b       	or	r18, r21
    13a6:	21 f4       	brne	.+8      	; 0x13b0 <__fp_cmp+0x3e>
    13a8:	08 95       	ret
    13aa:	0a 26       	eor	r0, r26
    13ac:	09 f4       	brne	.+2      	; 0x13b0 <__fp_cmp+0x3e>
    13ae:	a1 40       	sbci	r26, 0x01	; 1
    13b0:	a6 95       	lsr	r26
    13b2:	8f ef       	ldi	r24, 0xFF	; 255
    13b4:	81 1d       	adc	r24, r1
    13b6:	81 1d       	adc	r24, r1
    13b8:	08 95       	ret

000013ba <__fp_inf>:
__fp_inf():
    13ba:	97 f9       	bld	r25, 7
    13bc:	9f 67       	ori	r25, 0x7F	; 127
    13be:	80 e8       	ldi	r24, 0x80	; 128
    13c0:	70 e0       	ldi	r23, 0x00	; 0
    13c2:	60 e0       	ldi	r22, 0x00	; 0
    13c4:	08 95       	ret

000013c6 <__fp_nan>:
__fp_nan():
    13c6:	9f ef       	ldi	r25, 0xFF	; 255
    13c8:	80 ec       	ldi	r24, 0xC0	; 192
    13ca:	08 95       	ret

000013cc <__fp_pscA>:
__fp_pscA():
    13cc:	00 24       	eor	r0, r0
    13ce:	0a 94       	dec	r0
    13d0:	16 16       	cp	r1, r22
    13d2:	17 06       	cpc	r1, r23
    13d4:	18 06       	cpc	r1, r24
    13d6:	09 06       	cpc	r0, r25
    13d8:	08 95       	ret

000013da <__fp_pscB>:
__fp_pscB():
    13da:	00 24       	eor	r0, r0
    13dc:	0a 94       	dec	r0
    13de:	12 16       	cp	r1, r18
    13e0:	13 06       	cpc	r1, r19
    13e2:	14 06       	cpc	r1, r20
    13e4:	05 06       	cpc	r0, r21
    13e6:	08 95       	ret

000013e8 <__fp_round>:
__fp_round():
    13e8:	09 2e       	mov	r0, r25
    13ea:	03 94       	inc	r0
    13ec:	00 0c       	add	r0, r0
    13ee:	11 f4       	brne	.+4      	; 0x13f4 <__fp_round+0xc>
    13f0:	88 23       	and	r24, r24
    13f2:	52 f0       	brmi	.+20     	; 0x1408 <__fp_round+0x20>
    13f4:	bb 0f       	add	r27, r27
    13f6:	40 f4       	brcc	.+16     	; 0x1408 <__fp_round+0x20>
    13f8:	bf 2b       	or	r27, r31
    13fa:	11 f4       	brne	.+4      	; 0x1400 <__fp_round+0x18>
    13fc:	60 ff       	sbrs	r22, 0
    13fe:	04 c0       	rjmp	.+8      	; 0x1408 <__fp_round+0x20>
    1400:	6f 5f       	subi	r22, 0xFF	; 255
    1402:	7f 4f       	sbci	r23, 0xFF	; 255
    1404:	8f 4f       	sbci	r24, 0xFF	; 255
    1406:	9f 4f       	sbci	r25, 0xFF	; 255
    1408:	08 95       	ret

0000140a <__fp_split3>:
__fp_split3():
    140a:	57 fd       	sbrc	r21, 7
    140c:	90 58       	subi	r25, 0x80	; 128
    140e:	44 0f       	add	r20, r20
    1410:	55 1f       	adc	r21, r21
    1412:	59 f0       	breq	.+22     	; 0x142a <__fp_splitA+0x10>
    1414:	5f 3f       	cpi	r21, 0xFF	; 255
    1416:	71 f0       	breq	.+28     	; 0x1434 <__fp_splitA+0x1a>
    1418:	47 95       	ror	r20

0000141a <__fp_splitA>:
    141a:	88 0f       	add	r24, r24
    141c:	97 fb       	bst	r25, 7
    141e:	99 1f       	adc	r25, r25
    1420:	61 f0       	breq	.+24     	; 0x143a <__fp_splitA+0x20>
    1422:	9f 3f       	cpi	r25, 0xFF	; 255
    1424:	79 f0       	breq	.+30     	; 0x1444 <__fp_splitA+0x2a>
    1426:	87 95       	ror	r24
    1428:	08 95       	ret
    142a:	12 16       	cp	r1, r18
    142c:	13 06       	cpc	r1, r19
    142e:	14 06       	cpc	r1, r20
    1430:	55 1f       	adc	r21, r21
    1432:	f2 cf       	rjmp	.-28     	; 0x1418 <__fp_split3+0xe>
    1434:	46 95       	lsr	r20
    1436:	f1 df       	rcall	.-30     	; 0x141a <__fp_splitA>
    1438:	08 c0       	rjmp	.+16     	; 0x144a <__fp_splitA+0x30>
    143a:	16 16       	cp	r1, r22
    143c:	17 06       	cpc	r1, r23
    143e:	18 06       	cpc	r1, r24
    1440:	99 1f       	adc	r25, r25
    1442:	f1 cf       	rjmp	.-30     	; 0x1426 <__fp_splitA+0xc>
    1444:	86 95       	lsr	r24
    1446:	71 05       	cpc	r23, r1
    1448:	61 05       	cpc	r22, r1
    144a:	08 94       	sec
    144c:	08 95       	ret

0000144e <__fp_zero>:
__fp_zero():
    144e:	e8 94       	clt

00001450 <__fp_szero>:
    1450:	bb 27       	eor	r27, r27
    1452:	66 27       	eor	r22, r22
    1454:	77 27       	eor	r23, r23
    1456:	cb 01       	movw	r24, r22
    1458:	97 f9       	bld	r25, 7
    145a:	08 95       	ret

0000145c <__gesf2>:
__gesf2():
    145c:	0e 94 b9 09 	call	0x1372	; 0x1372 <__fp_cmp>
    1460:	08 f4       	brcc	.+2      	; 0x1464 <__gesf2+0x8>
    1462:	8f ef       	ldi	r24, 0xFF	; 255
    1464:	08 95       	ret

00001466 <__mulsf3>:
__mulsf3():
    1466:	0e 94 46 0a 	call	0x148c	; 0x148c <__mulsf3x>
    146a:	0c 94 f4 09 	jmp	0x13e8	; 0x13e8 <__fp_round>
    146e:	0e 94 e6 09 	call	0x13cc	; 0x13cc <__fp_pscA>
    1472:	38 f0       	brcs	.+14     	; 0x1482 <__mulsf3+0x1c>
    1474:	0e 94 ed 09 	call	0x13da	; 0x13da <__fp_pscB>
    1478:	20 f0       	brcs	.+8      	; 0x1482 <__mulsf3+0x1c>
    147a:	95 23       	and	r25, r21
    147c:	11 f0       	breq	.+4      	; 0x1482 <__mulsf3+0x1c>
    147e:	0c 94 dd 09 	jmp	0x13ba	; 0x13ba <__fp_inf>
    1482:	0c 94 e3 09 	jmp	0x13c6	; 0x13c6 <__fp_nan>
    1486:	11 24       	eor	r1, r1
    1488:	0c 94 28 0a 	jmp	0x1450	; 0x1450 <__fp_szero>

0000148c <__mulsf3x>:
__mulsf3x():
    148c:	0e 94 05 0a 	call	0x140a	; 0x140a <__fp_split3>
    1490:	70 f3       	brcs	.-36     	; 0x146e <__mulsf3+0x8>

00001492 <__mulsf3_pse>:
    1492:	95 9f       	mul	r25, r21
    1494:	c1 f3       	breq	.-16     	; 0x1486 <__mulsf3+0x20>
    1496:	95 0f       	add	r25, r21
    1498:	50 e0       	ldi	r21, 0x00	; 0
    149a:	55 1f       	adc	r21, r21
    149c:	62 9f       	mul	r22, r18
    149e:	f0 01       	movw	r30, r0
    14a0:	72 9f       	mul	r23, r18
    14a2:	bb 27       	eor	r27, r27
    14a4:	f0 0d       	add	r31, r0
    14a6:	b1 1d       	adc	r27, r1
    14a8:	63 9f       	mul	r22, r19
    14aa:	aa 27       	eor	r26, r26
    14ac:	f0 0d       	add	r31, r0
    14ae:	b1 1d       	adc	r27, r1
    14b0:	aa 1f       	adc	r26, r26
    14b2:	64 9f       	mul	r22, r20
    14b4:	66 27       	eor	r22, r22
    14b6:	b0 0d       	add	r27, r0
    14b8:	a1 1d       	adc	r26, r1
    14ba:	66 1f       	adc	r22, r22
    14bc:	82 9f       	mul	r24, r18
    14be:	22 27       	eor	r18, r18
    14c0:	b0 0d       	add	r27, r0
    14c2:	a1 1d       	adc	r26, r1
    14c4:	62 1f       	adc	r22, r18
    14c6:	73 9f       	mul	r23, r19
    14c8:	b0 0d       	add	r27, r0
    14ca:	a1 1d       	adc	r26, r1
    14cc:	62 1f       	adc	r22, r18
    14ce:	83 9f       	mul	r24, r19
    14d0:	a0 0d       	add	r26, r0
    14d2:	61 1d       	adc	r22, r1
    14d4:	22 1f       	adc	r18, r18
    14d6:	74 9f       	mul	r23, r20
    14d8:	33 27       	eor	r19, r19
    14da:	a0 0d       	add	r26, r0
    14dc:	61 1d       	adc	r22, r1
    14de:	23 1f       	adc	r18, r19
    14e0:	84 9f       	mul	r24, r20
    14e2:	60 0d       	add	r22, r0
    14e4:	21 1d       	adc	r18, r1
    14e6:	82 2f       	mov	r24, r18
    14e8:	76 2f       	mov	r23, r22
    14ea:	6a 2f       	mov	r22, r26
    14ec:	11 24       	eor	r1, r1
    14ee:	9f 57       	subi	r25, 0x7F	; 127
    14f0:	50 40       	sbci	r21, 0x00	; 0
    14f2:	9a f0       	brmi	.+38     	; 0x151a <__mulsf3_pse+0x88>
    14f4:	f1 f0       	breq	.+60     	; 0x1532 <__mulsf3_pse+0xa0>
    14f6:	88 23       	and	r24, r24
    14f8:	4a f0       	brmi	.+18     	; 0x150c <__mulsf3_pse+0x7a>
    14fa:	ee 0f       	add	r30, r30
    14fc:	ff 1f       	adc	r31, r31
    14fe:	bb 1f       	adc	r27, r27
    1500:	66 1f       	adc	r22, r22
    1502:	77 1f       	adc	r23, r23
    1504:	88 1f       	adc	r24, r24
    1506:	91 50       	subi	r25, 0x01	; 1
    1508:	50 40       	sbci	r21, 0x00	; 0
    150a:	a9 f7       	brne	.-22     	; 0x14f6 <__mulsf3_pse+0x64>
    150c:	9e 3f       	cpi	r25, 0xFE	; 254
    150e:	51 05       	cpc	r21, r1
    1510:	80 f0       	brcs	.+32     	; 0x1532 <__mulsf3_pse+0xa0>
    1512:	0c 94 dd 09 	jmp	0x13ba	; 0x13ba <__fp_inf>
    1516:	0c 94 28 0a 	jmp	0x1450	; 0x1450 <__fp_szero>
    151a:	5f 3f       	cpi	r21, 0xFF	; 255
    151c:	e4 f3       	brlt	.-8      	; 0x1516 <__mulsf3_pse+0x84>
    151e:	98 3e       	cpi	r25, 0xE8	; 232
    1520:	d4 f3       	brlt	.-12     	; 0x1516 <__mulsf3_pse+0x84>
    1522:	86 95       	lsr	r24
    1524:	77 95       	ror	r23
    1526:	67 95       	ror	r22
    1528:	b7 95       	ror	r27
    152a:	f7 95       	ror	r31
    152c:	e7 95       	ror	r30
    152e:	9f 5f       	subi	r25, 0xFF	; 255
    1530:	c1 f7       	brne	.-16     	; 0x1522 <__mulsf3_pse+0x90>
    1532:	fe 2b       	or	r31, r30
    1534:	88 0f       	add	r24, r24
    1536:	91 1d       	adc	r25, r1
    1538:	96 95       	lsr	r25
    153a:	87 95       	ror	r24
    153c:	97 f9       	bld	r25, 7
    153e:	08 95       	ret

00001540 <__unordsf2>:
    1540:	0e 94 b9 09 	call	0x1372	; 0x1372 <__fp_cmp>
    1544:	88 0b       	sbc	r24, r24
    1546:	99 0b       	sbc	r25, r25
    1548:	08 95       	ret

0000154a <__udivmodsi4>:
/home/jenkins/workspace/avr-gcc-staging/label/debian7-x86_64/gcc-build/avr/avr51/libgcc/../../../../gcc/libgcc/config/avr/lib1funcs.S:1638
    154a:	a1 e2       	ldi	r26, 0x21	; 33
/home/jenkins/workspace/avr-gcc-staging/label/debian7-x86_64/gcc-build/avr/avr51/libgcc/../../../../gcc/libgcc/config/avr/lib1funcs.S:1639
    154c:	1a 2e       	mov	r1, r26
/home/jenkins/workspace/avr-gcc-staging/label/debian7-x86_64/gcc-build/avr/avr51/libgcc/../../../../gcc/libgcc/config/avr/lib1funcs.S:1640
    154e:	aa 1b       	sub	r26, r26
/home/jenkins/workspace/avr-gcc-staging/label/debian7-x86_64/gcc-build/avr/avr51/libgcc/../../../../gcc/libgcc/config/avr/lib1funcs.S:1641
    1550:	bb 1b       	sub	r27, r27
/home/jenkins/workspace/avr-gcc-staging/label/debian7-x86_64/gcc-build/avr/avr51/libgcc/../../../../gcc/libgcc/config/avr/lib1funcs.S:1642
    1552:	fd 01       	movw	r30, r26
/home/jenkins/workspace/avr-gcc-staging/label/debian7-x86_64/gcc-build/avr/avr51/libgcc/../../../../gcc/libgcc/config/avr/lib1funcs.S:1644
    1554:	0d c0       	rjmp	.+26     	; 0x1570 <__udivmodsi4_ep>

00001556 <__udivmodsi4_loop>:
/home/jenkins/workspace/avr-gcc-staging/label/debian7-x86_64/gcc-build/avr/avr51/libgcc/../../../../gcc/libgcc/config/avr/lib1funcs.S:1646
    1556:	aa 1f       	adc	r26, r26
/home/jenkins/workspace/avr-gcc-staging/label/debian7-x86_64/gcc-build/avr/avr51/libgcc/../../../../gcc/libgcc/config/avr/lib1funcs.S:1647
    1558:	bb 1f       	adc	r27, r27
/home/jenkins/workspace/avr-gcc-staging/label/debian7-x86_64/gcc-build/avr/avr51/libgcc/../../../../gcc/libgcc/config/avr/lib1funcs.S:1648
    155a:	ee 1f       	adc	r30, r30
/home/jenkins/workspace/avr-gcc-staging/label/debian7-x86_64/gcc-build/avr/avr51/libgcc/../../../../gcc/libgcc/config/avr/lib1funcs.S:1649
    155c:	ff 1f       	adc	r31, r31
__udivmodsi4_loop():
/home/jenkins/workspace/avr-gcc-staging/label/debian7-x86_64/gcc-build/avr/avr51/libgcc/../../../../gcc/libgcc/config/avr/lib1funcs.S:1650
    155e:	a2 17       	cp	r26, r18
/home/jenkins/workspace/avr-gcc-staging/label/debian7-x86_64/gcc-build/avr/avr51/libgcc/../../../../gcc/libgcc/config/avr/lib1funcs.S:1651
    1560:	b3 07       	cpc	r27, r19
/home/jenkins/workspace/avr-gcc-staging/label/debian7-x86_64/gcc-build/avr/avr51/libgcc/../../../../gcc/libgcc/config/avr/lib1funcs.S:1652
    1562:	e4 07       	cpc	r30, r20
/home/jenkins/workspace/avr-gcc-staging/label/debian7-x86_64/gcc-build/avr/avr51/libgcc/../../../../gcc/libgcc/config/avr/lib1funcs.S:1653
    1564:	f5 07       	cpc	r31, r21
/home/jenkins/workspace/avr-gcc-staging/label/debian7-x86_64/gcc-build/avr/avr51/libgcc/../../../../gcc/libgcc/config/avr/lib1funcs.S:1654
    1566:	20 f0       	brcs	.+8      	; 0x1570 <__udivmodsi4_ep>
/home/jenkins/workspace/avr-gcc-staging/label/debian7-x86_64/gcc-build/avr/avr51/libgcc/../../../../gcc/libgcc/config/avr/lib1funcs.S:1655
    1568:	a2 1b       	sub	r26, r18
/home/jenkins/workspace/avr-gcc-staging/label/debian7-x86_64/gcc-build/avr/avr51/libgcc/../../../../gcc/libgcc/config/avr/lib1funcs.S:1656
    156a:	b3 0b       	sbc	r27, r19
/home/jenkins/workspace/avr-gcc-staging/label/debian7-x86_64/gcc-build/avr/avr51/libgcc/../../../../gcc/libgcc/config/avr/lib1funcs.S:1657
    156c:	e4 0b       	sbc	r30, r20
/home/jenkins/workspace/avr-gcc-staging/label/debian7-x86_64/gcc-build/avr/avr51/libgcc/../../../../gcc/libgcc/config/avr/lib1funcs.S:1658
    156e:	f5 0b       	sbc	r31, r21

00001570 <__udivmodsi4_ep>:
__udivmodsi4_ep():
/home/jenkins/workspace/avr-gcc-staging/label/debian7-x86_64/gcc-build/avr/avr51/libgcc/../../../../gcc/libgcc/config/avr/lib1funcs.S:1660
    1570:	66 1f       	adc	r22, r22
/home/jenkins/workspace/avr-gcc-staging/label/debian7-x86_64/gcc-build/avr/avr51/libgcc/../../../../gcc/libgcc/config/avr/lib1funcs.S:1661
    1572:	77 1f       	adc	r23, r23
/home/jenkins/workspace/avr-gcc-staging/label/debian7-x86_64/gcc-build/avr/avr51/libgcc/../../../../gcc/libgcc/config/avr/lib1funcs.S:1662
    1574:	88 1f       	adc	r24, r24
/home/jenkins/workspace/avr-gcc-staging/label/debian7-x86_64/gcc-build/avr/avr51/libgcc/../../../../gcc/libgcc/config/avr/lib1funcs.S:1663
    1576:	99 1f       	adc	r25, r25
/home/jenkins/workspace/avr-gcc-staging/label/debian7-x86_64/gcc-build/avr/avr51/libgcc/../../../../gcc/libgcc/config/avr/lib1funcs.S:1664
    1578:	1a 94       	dec	r1
/home/jenkins/workspace/avr-gcc-staging/label/debian7-x86_64/gcc-build/avr/avr51/libgcc/../../../../gcc/libgcc/config/avr/lib1funcs.S:1665
    157a:	69 f7       	brne	.-38     	; 0x1556 <__udivmodsi4_loop>
/home/jenkins/workspace/avr-gcc-staging/label/debian7-x86_64/gcc-build/avr/avr51/libgcc/../../../../gcc/libgcc/config/avr/lib1funcs.S:1667
    157c:	60 95       	com	r22
/home/jenkins/workspace/avr-gcc-staging/label/debian7-x86_64/gcc-build/avr/avr51/libgcc/../../../../gcc/libgcc/config/avr/lib1funcs.S:1668
    157e:	70 95       	com	r23
/home/jenkins/workspace/avr-gcc-staging/label/debian7-x86_64/gcc-build/avr/avr51/libgcc/../../../../gcc/libgcc/config/avr/lib1funcs.S:1669
    1580:	80 95       	com	r24
/home/jenkins/workspace/avr-gcc-staging/label/debian7-x86_64/gcc-build/avr/avr51/libgcc/../../../../gcc/libgcc/config/avr/lib1funcs.S:1670
    1582:	90 95       	com	r25
/home/jenkins/workspace/avr-gcc-staging/label/debian7-x86_64/gcc-build/avr/avr51/libgcc/../../../../gcc/libgcc/config/avr/lib1funcs.S:1672
    1584:	9b 01       	movw	r18, r22
/home/jenkins/workspace/avr-gcc-staging/label/debian7-x86_64/gcc-build/avr/avr51/libgcc/../../../../gcc/libgcc/config/avr/lib1funcs.S:1674
    1586:	ac 01       	movw	r20, r24
/home/jenkins/workspace/avr-gcc-staging/label/debian7-x86_64/gcc-build/avr/avr51/libgcc/../../../../gcc/libgcc/config/avr/lib1funcs.S:1676
    1588:	bd 01       	movw	r22, r26
/home/jenkins/workspace/avr-gcc-staging/label/debian7-x86_64/gcc-build/avr/avr51/libgcc/../../../../gcc/libgcc/config/avr/lib1funcs.S:1678
    158a:	cf 01       	movw	r24, r30
/home/jenkins/workspace/avr-gcc-staging/label/debian7-x86_64/gcc-build/avr/avr51/libgcc/../../../../gcc/libgcc/config/avr/lib1funcs.S:1680
    158c:	08 95       	ret

0000158e <__tablejump2__>:
__tablejump2__():
/home/jenkins/workspace/avr-gcc-staging/label/debian7-x86_64/gcc-build/avr/avr51/libgcc/../../../../gcc/libgcc/config/avr/lib1funcs.S:2296
    158e:	ee 0f       	add	r30, r30
/home/jenkins/workspace/avr-gcc-staging/label/debian7-x86_64/gcc-build/avr/avr51/libgcc/../../../../gcc/libgcc/config/avr/lib1funcs.S:2297
    1590:	ff 1f       	adc	r31, r31
/home/jenkins/workspace/avr-gcc-staging/label/debian7-x86_64/gcc-build/avr/avr51/libgcc/../../../../gcc/libgcc/config/avr/lib1funcs.S:2304
    1592:	00 24       	eor	r0, r0
/home/jenkins/workspace/avr-gcc-staging/label/debian7-x86_64/gcc-build/avr/avr51/libgcc/../../../../gcc/libgcc/config/avr/lib1funcs.S:2305
    1594:	00 1c       	adc	r0, r0
/home/jenkins/workspace/avr-gcc-staging/label/debian7-x86_64/gcc-build/avr/avr51/libgcc/../../../../gcc/libgcc/config/avr/lib1funcs.S:2306
    1596:	0b be       	out	0x3b, r0	; 59
/home/jenkins/workspace/avr-gcc-staging/label/debian7-x86_64/gcc-build/avr/avr51/libgcc/../../../../gcc/libgcc/config/avr/lib1funcs.S:2312
    1598:	07 90       	elpm	r0, Z+
/home/jenkins/workspace/avr-gcc-staging/label/debian7-x86_64/gcc-build/avr/avr51/libgcc/../../../../gcc/libgcc/config/avr/lib1funcs.S:2313
    159a:	f6 91       	elpm	r31, Z
/home/jenkins/workspace/avr-gcc-staging/label/debian7-x86_64/gcc-build/avr/avr51/libgcc/../../../../gcc/libgcc/config/avr/lib1funcs.S:2314
    159c:	e0 2d       	mov	r30, r0
/home/jenkins/workspace/avr-gcc-staging/label/debian7-x86_64/gcc-build/avr/avr51/libgcc/../../../../gcc/libgcc/config/avr/lib1funcs.S:2319
    159e:	09 94       	ijmp

000015a0 <_exit>:
exit():
/home/jenkins/workspace/avr-gcc-staging/label/debian7-x86_64/gcc-build/avr/avr51/libgcc/../../../../gcc/libgcc/config/avr/lib1funcs.S:2278
    15a0:	f8 94       	cli

000015a2 <__stop_program>:
__stop_program():
/home/jenkins/workspace/avr-gcc-staging/label/debian7-x86_64/gcc-build/avr/avr51/libgcc/../../../../gcc/libgcc/config/avr/lib1funcs.S:2280
    15a2:	ff cf       	rjmp	.-2      	; 0x15a2 <__stop_program>
